Pos,Name,BV,SV,Team,26_xMins,26_Pts,27_xMins,27_Pts,28_xMins,28_Pts,29_xMins,29_Pts,30_xMins,30_Pts,31_xMins,31_Pts,32_xMins,32_Pts,33_xMins,33_Pts
G,Leno,4.5,4.5,Arsenal,0,0,0,0,0.5366666666666667,0.068,0.03666666666666667,0.004,0,0,0.29500000000000004,0.05,0.29500000000000004,0.054000000000000006,1,0.042
G,Rúnarsson,4.0,4.0,Arsenal,0,0,0,0,0,0,0,0,0,0,0,0,0,0,0,0
M,Willian,6.3,6.3,Arsenal,0,0,0,0,0,0,0,0,0,0,0,0,0,0,0,0
F,Aubameyang,9.6,9.6,Arsenal,0,0,0,0,0,0,0,0,0,0,0,0,0,0,0,0
D,Cédric,4.2,4.2,Arsenal,30,3.12,0,0,7.273333333333333,0.8280000000000001,6.176666666666666,0.7400000000000001,16,0.651,5.31,0.8290000000000001,5.31,0.9380000000000001,22,0.906
F,Lacazette,8.3,8.3,Arsenal,78,9.931000000000001,0,0,40.083333333333336,6.792000000000001,30.44666666666667,5.989000000000001,70,4.056,20.945,4.663,19.47,4.783,68,4.072
M,Xhaka,4.8,4.8,Arsenal,82.5,5.3149999999999995,0,0,41.083333333333336,3.6239999999999997,32.72666666666667,3.0149999999999997,76,2.213,23.599999999999998,2.65,20.060000000000002,2.518,70,2.084
D,Marí,4.2,4.2,Arsenal,0,0,0,0,0,0,0,0,0,0,0,0,0,0,0,0
D,Bellerín,4.8,4.8,Arsenal,0,0,0,0,0,0,0,0,0,0,0,0,0,0,0,0
D,Chambers,4.2,4.2,Aston Villa,45,2.211,3.266666666666667,0.28500000000000003,4.77,0.493,3.7733333333333334,0.307,13,0.421,5.646666666666667,0.5700000000000001,5.646666666666667,0.562,17,0.437
D,Kolasinac,4.2,4.2,Arsenal,0,0,0,0,0,0,0,0,0,0,0,0,0,0,0,0
M,Elneny,4.4,4.4,Arsenal,8,0.75,0,0,6.07,0.6950000000000001,4.483333333333333,0.534,15,0.641,2.9499999999999997,0.47200000000000003,4.720000000000001,0.802,15,0.644
M,Maitland-Niles,5.2,5.2,Arsenal,0,0,0,0,0,0,0,0,0,0,0,0,0,0,0,0
D,Holding,4.1,4.1,Arsenal,14.5,1.345,0,0,9.306666666666667,0.9909999999999999,8.463333333333333,0.984,26,1.053,7.375,1.152,7.375,1.3199999999999998,28,1.119
M,Partey,5.0,5.0,Arsenal,84,5.99,0,0,42.026666666666664,4.039000000000001,33.50333333333333,3.3750000000000004,73,2.344,22.125,2.772,21.830000000000002,2.968,77,2.42
D,Tierney,5.1,5.1,Arsenal,87,9.437999999999999,0,0,44.34,5.515000000000001,34.77,4.659000000000001,82,3.309,22.715,3.739,23.305,4.446,78,3.189
M,Pépé,6.9,6.9,Arsenal,15.5,2.323,0,0,6.013333333333333,1.148,5.806666666666666,1.2730000000000001,15,1.058,4.425,1.1989999999999998,5.31,1.5519999999999998,16,1.143
M,Torreira,4.5,4.5,Arsenal,0,0,0,0,0,0,0,0,0,0,0,0,0,0,0,0
M,Willock,5.7,5.7,Newcastle,44,1.71,49,1.94,19.373333333333335,2.3339999999999996,19.183333333333334,1.941,15.749999999999998,0.6,19.113333333333333,2.0500000000000003,19.113333333333333,2.2729999999999997,49,2.077
F,Nketiah,5.4,5.4,Arsenal,13,1.7730000000000001,0,0,7.1066666666666665,1.306,7.036666666666666,1.4599999999999997,15,1.033,4.13,1.041,4.425,1.184,19,1.25
M,Smith Rowe,5.8,5.8,Arsenal,55.5,6.228,0,0,23.743333333333336,3.5389999999999997,19.443333333333335,3.171,44,2.261,12.094999999999999,2.3890000000000002,14.455,3.0199999999999996,46,2.377
M,Saka,6.4,6.4,Arsenal,79.5,9.421,0,0,40.806666666666665,6.412,31.626666666666665,5.643000000000001,71,3.795,21.830000000000002,4.442,21.535,4.844,72,3.889
D,Gabriel,5.3,5.3,Arsenal,87.5,9.549,0,0,44.193333333333335,5.424,34.48,4.573,78,3.151,23.305,3.742,23.01,4.356999999999999,75,3.068
D,Mavropanos,4.5,4.5,Arsenal,0,0,0,0,0,0,0,0,0,0,0,0,0,0,0,0
M,Guendouzi,4.5,4.5,Arsenal,0,0,0,0,0,0,0,0,0,0,0,0,0,0,0,0
M,Martinelli,5.3,5.3,Arsenal,35,4.08,0,0,34.95666666666667,5.567,28.343333333333334,5.017,66,3.512,19.765,4.0280000000000005,18.880000000000003,4.234,67,3.606
D,Saliba,4.5,4.5,Arsenal,0,0,0,0,0,0,0,0,0,0,0,0,0,0,0,0
G,Steer,3.9,3.9,Aston Villa,0,0,0,0,0,0,0,0,0,0,0,0,0,0,0,0
M,Hourihane,4.9,4.9,Aston Villa,0,0,0,0,0,0,0,0,0,0,0,0,0,0,0,0
G,Martínez,5.5,5.5,Aston Villa,90,4.13,32.300000000000004,3.794,35.89666666666667,4.497000000000001,35.230000000000004,4.055,86,3.334,35.09,4.295,34.68666666666667,4.168,87,3.124
D,Engels,4.5,4.5,Aston Villa,0,0,0,0,0,0,0,0,0,0,0,0,0,0,0,0
M,Traoré,5.7,5.7,Aston Villa,0,0,0.03333333333333333,0.003,1.3533333333333333,0.226,2.263333333333333,0.333,11,0.609,4.4366666666666665,0.654,4.4366666666666665,0.7130000000000001,12,0.611
M,Grealish,7.5,7.5,Man City,39,2.631,52,3.489,46,3.046,45,2.877,4.800000000000001,0.315,46,3.259,49,2.767,45,2.706
M,Sanson,5.0,5.0,Aston Villa,15,0.815,7,0.931,7.36,1.04,8.133333333333333,1.0430000000000001,25,1.097,7.260000000000001,0.9339999999999999,7.260000000000001,0.948,12,0.546
M,McGinn,5.8,5.8,Aston Villa,86,3.493,30.066666666666666,2.918,32.973333333333336,3.6610000000000005,32.096666666666664,3.112,76,2.501,30.25,3.0060000000000002,29.040000000000003,3.0460000000000003,74,2.198
D,Hause,4.4,4.4,Aston Villa,46,2.331,1.8333333333333333,0.155,2.6300000000000003,0.259,3.9966666666666666,0.34199999999999997,12,0.394,4.84,0.479,5.646666666666667,0.5740000000000001,11,0.274
M,Trézéguet,5.4,5.4,Aston Villa,0,0,0,0,0,0,0,0,0,0,0,0,0,0,0,0
D,Mings,5.0,5.0,Aston Villa,90,4.158,31.2,2.845,34.056666666666665,3.7619999999999996,33.54,2.8249999999999997,81,2.405,32.669999999999995,3.279,32.266666666666666,3.166,80,1.634
D,Targett,4.7,4.7,Newcastle,78,1.922,75,2.518,29.91,3.089,27.470000000000002,1.434,21.349999999999998,0.748,27.653333333333336,1.953,26.433333333333337,2.873,61,2.008
F,Watkins,7.6,7.6,Aston Villa,87,4.875,29.133333333333336,3.83,32.336666666666666,5.115,32.27333333333333,4.285,76,3.408,31.459999999999997,4.105,31.863333333333333,4.539,74,2.889
M,Nakamba,4.4,4.4,Aston Villa,0,0,0,0,0,0,0,0,0,0,7.663333333333333,0.7430000000000001,12.1,1.149,43,1.286
M,El Ghazi,5.6,5.6,Everton,19,1.172,19,0.961,5.555,1.224,5.375,1.326,5.949999999999999,0.315,5.8950000000000005,1.332,7.205000000000001,1.661,18,1.218
M,Buendía,6.2,6.2,Aston Villa,70,3.752,24.166666666666668,3.065,25.980000000000004,3.879,25.343333333333334,3.213,60,2.593,22.183333333333334,2.9019999999999997,25.00666666666667,3.41,61,2.344
D,Cash,5.1,5.1,Aston Villa,88,4.15,31.5,2.955,33.666666666666664,3.8840000000000003,34.10666666666666,2.9779999999999998,82,2.52,31.863333333333333,3.327,32.266666666666666,3.302,79,1.696
D,Konsa,4.9,4.9,Aston Villa,0,0,30.53333333333333,2.8,33.37,3.663,33.41,2.8180000000000005,80,2.383,31.863333333333333,3.2090000000000005,31.459999999999997,3.088,78,1.635
D,Guilbert,4.5,4.5,Aston Villa,0,0,0,0,0,0,0,0,0,0,0,0,0,0,0,0
F,Wesley,5.4,5.4,Aston Villa,0,0,0,0,0,0,0,0,0,0,0,0,0,0,0,0
F,Samatta,5.5,5.5,Aston Villa,0,0,0,0,0,0,0,0,0,0,0,0,0,0,0,0
F,Davis,4.5,4.5,Aston Villa,0,0,0,0,0,0,0,0,0,0,0,0,0,0,0,0
M,Douglas Luiz,4.4,4.4,Aston Villa,84,2.864,30.7,2.58,32.67333333333333,3.112,32.90333333333333,2.783,81,2.29,32.266666666666666,2.7979999999999996,29.846666666666668,2.738,73,1.976
M,Ramsey,4.8,4.8,Aston Villa,75,3.477,26.766666666666666,2.9579999999999997,29.143333333333334,3.665,28.040000000000003,3.1169999999999995,67,2.54,26.21666666666667,2.989,25.409999999999997,3.027,56,1.992
D,Young,4.7,4.7,Aston Villa,9,0.405,2.566666666666667,0.254,4.036666666666666,0.466,5.133333333333334,0.532,12,0.483,6.05,0.7400000000000001,4.033333333333333,0.43400000000000005,14,0.491
M,Lallana,5.3,5.3,Brighton,62,2.888,59,2.58,31.025,2.617,28.58,2.128,5.300000000000001,0.146,32.19,3.002,29.97,2.166,54,2.007
G,Steele,4.0,4.0,Brighton,0,0,0,0,1.555,0.132,1.11,0.08299999999999999,0.30000000000000004,0.011,1.11,0.106,1.11,0.08399999999999999,2,0.077
M,Groß,5.7,5.7,Brighton,21,1.384,24,1.486,13.65,1.556,17.985,1.678,3.1,0.089,17.205,2.187,18.87,1.7449999999999999,34,1.647
D,Duffy,4.1,4.1,Brighton,7,0.33,14,0.609,8.27,0.641,10.88,0.6100000000000001,2.1,0.028,11.655,1.2229999999999999,13.32,0.8039999999999999,23,0.72
M,Pröpper,4.5,4.5,Brighton,0,0,0,0,0,0,0,0,0,0,0,0,0,0,0,0
D,Burn,4.4,4.4,Newcastle,83,2.047,79,2.679,32.016666666666666,3.341,30.98,1.6159999999999999,26.599999999999998,0.965,29.28,2.121,30.906666666666666,3.447,72,2.488
D,Dunk,4.8,4.8,Brighton,88,4.258,85,3.477,47.565,3.478,44.51,2.231,8.3,0.118,42.18,4.188,44.4,2.367,78,2.166
M,March,5.3,5.3,Brighton,28,1.458,29,1.439,17.26,1.5819999999999999,17.925,1.46,3.1,0.077,17.205,1.7469999999999999,18.87,1.485,34,1.423
D,Webster,4.4,4.4,Brighton,79,3.784,76,3.1,41.735,3.014,41.18,2.067,7.4,0.106,39.96,3.93,38.295,2.063,72,2.004
D,Veltman,4.2,4.2,Brighton,60,2.839,61,2.461,34.58,2.502,32.3,1.657,5.9,0.08,34.965,3.391,34.41,1.891,60,1.714
F,Maupay,6.6,6.6,Brighton,80,4.532,79,4.221,41.68,4.183,41.125,3.3520000000000003,7,0.223,37.74,4.3420000000000005,38.295,3.1519999999999997,71,2.965
M,Trossard,6.0,6.0,Brighton,70,3.873,69,3.566,36.02,3.482,35.575,2.852,6.2,0.191,35.52,3.9699999999999998,36.075,2.909,64,2.628
G,Ryan,4.5,4.5,Brighton,0,0,0,0,0,0,0,0,0,0,0,0,0,0,0,0
M,Jahanbakhsh,5.5,5.5,Brighton,0,0,0,0,0,0,0,0,0,0,0,0,0,0,0,0
D,White,4.5,4.5,Arsenal,88,8.383,0,0,43.54333333333333,4.725,35.473333333333336,4.049,79,2.79,23.01,3.2820000000000005,23.305,3.9,77,2.72
D,Bernardo,4.0,4.0,Brighton,0,0,0,0,0,0,0,0,0,0,0,0,0,0,0,0
G,Sánchez,4.6,4.6,Brighton,90,4.207,89,3.853,48.34,4.054,48.84,3.623,8.6,0.305,48.285,4.601,48.285,3.6340000000000003,87,3.301
M,Bissouma,4.4,4.4,Brighton,84,2.768,83,2.554,45.9,2.685,43.735,2.318,7.7,0.179,44.4,2.934,41.07,2.215,74,2.017
D,Lamptey,4.5,4.5,Brighton,77,4.159,73,3.394,37.405,3.177,39.405,2.28,7.1000000000000005,0.114,39.405,4.325,35.52,2.2640000000000002,64,2.119
F,Connolly,5.3,5.3,Brighton,0,0,0,0,0,0,0,0,0,0,0,0,0,0,0,0
M,Alzate,4.8,4.8,Brighton,3,0.137,7,0.328,3.33,0.28300000000000003,3.995,0.327,0.9,0.014,4.44,0.41000000000000003,6.66,0.553,11,0.485
M,Mac Allister,5.3,5.3,Brighton,56,3.151,58,3.036,30.415,3.0109999999999997,30.47,2.513,5.2,0.157,29.97,3.3529999999999998,26.64,2.262,55,2.309
M,Moder,4.5,4.5,Brighton,57,2.781,48,2.303,29.86,2.579,28.36,2.128,5.300000000000001,0.147,27.75,2.715,31.08,2.3419999999999996,54,2.093
D,Jansson,4.5,4.5,Brentford,89,1.976,85,3.427,85,3.289,82,3.658,82,2.219,82,1.362,76,2.536,83,3.028
M,Nørgaard,5.0,5.0,Brentford,87,2.245,85,2.682,83,2.515,80,2.604,81,2.237,78,1.896,74,2.194,79,2.382
F,Toney,6.6,6.6,Brentford,42,1.574,75,3.99,81,3.837,83,4.438,80,3.566,80,2.657,77,3.655,76,3.71
M,Fosu,5.1,5.1,Brentford,0,0,0,0,0,0,0,0,0,0,0,0,0,0,0,0
G,Raya,4.3,4.3,Brentford,90,3.344,90,4.015,90,4.052,88,4.15,89,3.42,87,3.14,87,3.61,86,3.76
M,Canós,5.5,5.5,Brentford,70,2.395,66,2.908,66,2.679,61,2.765,64,2.427,63,1.995,63,2.512,57,2.368
M,Dasilva,5.3,5.3,Brentford,6,0.288,8,0.432,13,0.639,12,0.629,12,0.578,14,0.594,12,0.591,16,0.844
D,Henry,4.5,4.5,Brentford,85,2.085,80,3.454,78,3.258,75,3.582,76,2.285,76,1.46,74,2.676,72,2.877
M,Janelt,5.0,5.0,Brentford,73,2.212,67,2.517,67,2.376,63,2.422,65,2.132,61,1.762,65,2.212,61,2.176
M,Ghoddos,5.3,5.3,Brentford,15,0.735,9,0.533,9,0.482,10,0.575,15,0.772,13,0.59,12,0.646,15,0.834
M,Jensen,4.9,4.9,Brentford,33,1.369,31,1.568,29,1.382,33,1.673,31,1.384,31,1.202,33,1.507,36,1.658
D,Goode,3.9,3.9,Brentford,0,0,0,0,0,0,0,0,0,0,0,0,0,0,0,0
F,Forss,5.3,5.3,Brentford,0,0,0,0,0,0,0,0,0,0,0,0,0,0,0,0
D,Roerslev,4.3,4.3,Brentford,21,0.668,22,1.023,22,0.981,29,1.453,23,0.825,24,0.63,24,0.971,29,1.255
D,Sørensen,4.3,4.3,Brentford,7,0.2,13,0.514,9,0.351,13,0.558,13,0.396,13,0.278,18,0.633,19,0.726
D,Pinnock,4.5,4.5,Brentford,88,2.118,83,3.595,84,3.476,84,3.932,80,2.345,80,1.48,76,2.732,74,2.953
G,Balcombe,4.0,4.0,Brentford,0,0,0,0,0,0,0,0,0,0,0,0,0,0,0,0
M,Zamburek,4.4,4.4,Brentford,0,0,0,0,0,0,0,0,0,0,0,0,0,0,0,0
G,Gunnarsson,3.9,3.9,Brentford,0,0,0,0,0,0,0,0,0,0,0,0,0,0,0,0
F,Dervişoğlu,5.4,5.4,Brentford,0,0,0,0,0,0,0,0,0,0,0,0,0,0,0,0
M,Mbeumo,5.3,5.3,Brentford,85,3.372,82,4.451,78,3.806,77,4.227,73,3.292,77,2.649,74,3.566,75,3.709
M,Bidstrup,4.4,4.4,Brentford,0,0,0,0,0,0,0,0,0,0,0,0,0,0,0,0
D,Tarkowski,4.9,4.9,Burnley,88.5,5.138999999999999,57.333333333333336,4.9879999999999995,34.419999999999995,2.279,33.82666666666666,3.243,40.5,1.34,32.94,1.743,32.126666666666665,3.3480000000000003,81,1.836
D,Bardsley,3.9,3.9,Burnley,1,0.048,0.3333333333333333,0.023,0.4066666666666667,0.020999999999999998,0.37000000000000005,0.027,0.5,0.009,1.22,0.056,1.22,0.09200000000000001,3,0.063
D,Pieters,4.2,4.2,Burnley,61,3.755,23.666666666666668,2.29,5.73,0.456,6.47,0.656,6,0.173,6.099999999999999,0.415,6.913333333333334,0.7440000000000001,17,0.496
M,Cork,4.4,4.4,Burnley,31.5,2.222,22.333333333333332,2.343,14.456666666666669,1.34,14.12,1.398,20,0.622,15.86,1.388,14.233333333333334,1.4460000000000002,41,1.28
M,Stephens,4.4,4.4,Burnley,4.5,0.4,5,0.6599999999999999,3.106666666666667,0.35900000000000004,3.8833333333333333,0.456,4,0.122,3.253333333333334,0.36100000000000004,3.253333333333334,0.387,7,0.301
D,Long,4.0,4.0,Burnley,1,0.083,1,0.119,0.40666666666666673,0.03900000000000001,1.11,0.125,1.5,0.045,0.8133333333333335,0.067,1.626666666666667,0.17800000000000002,2,0.07
F,Rodriguez,5.2,5.2,Burnley,49,4.539,25,3.6559999999999997,15.38,1.877,14.34666666666667,1.885,16.5,0.752,15.046666666666667,1.751,14.233333333333334,2.015,36,1.559
F,Barnes,5.2,5.2,Burnley,8.5,0.933,5,0.825,2.44,0.333,2.3666666666666667,0.341,1.5,0.067,1.626666666666667,0.21100000000000002,2.033333333333333,0.30400000000000005,6,0.312
D,Mee,4.8,4.8,Burnley,89,5.34,57.333333333333336,5.172,34.529999999999994,2.3659999999999997,33.68,3.296,41.5,1.401,32.53333333333333,1.791,32.126666666666665,3.416,79,1.855
M,Westwood,5.3,5.3,Burnley,87.5,5.053000000000001,55.333333333333336,4.931,33.38333333333333,2.677,33.199999999999996,2.936,39,1.22,32.126666666666665,2.5,32.126666666666665,2.9830000000000005,75,2.086
M,Gudmundsson,5.4,5.4,Burnley,7,0.655,11.666666666666666,1.604,9.573333333333332,1.145,9.98,1.285,15,0.601,10.573333333333332,1.2089999999999999,10.979999999999999,1.44,27,1.153
F,Wood,6.7,6.7,Newcastle,80,3.564,82,3.778,30.906666666666666,4.682,29.796666666666667,3.465,25.2,1.317,20.333333333333332,2.786,14.64,2.345,30,1.875
D,Lowton,4.4,4.4,Burnley,32,2.039,22.666666666666668,2.168,13.493333333333334,1,13.383333333333333,1.365,16.5,0.559,12.606666666666664,0.7679999999999999,14.233333333333334,1.5550000000000002,34,0.872
F,Vydra,5.2,5.2,Burnley,0,0,2,0.33899999999999997,2.6599999999999997,0.37699999999999995,7.06,1.039,9,0.445,7.32,0.986,8.54,1.362,23,1.144
G,Pope,5.4,5.4,Burnley,90,6.9670000000000005,59.666666666666664,6.949,36.120000000000005,3.9730000000000003,35.45333333333334,4.271,44.5,1.809,35.379999999999995,3.8560000000000003,35.379999999999995,4.414000000000001,87,3.203
D,Taylor,4.4,4.4,Burnley,29,1.676,36.666666666666664,3.227,31.313333333333333,2.107,30.536666666666665,2.94,39,1.267,31.313333333333333,1.7249999999999999,30.093333333333334,3.1229999999999998,72,1.709
G,Norris,4.4,4.4,Burnley,0,0,0,0,0.03666666666666667,0.004,0.37000000000000005,0.044,0,0,0.40666666666666673,0.04499999999999999,0.40666666666666673,0.051,1,0.037
M,Brownhill,4.3,4.3,Burnley,67.5,4.286,42.333333333333336,4.152,25.433333333333337,2.232,24.73333333333333,2.366,31.5,1.057,24.80666666666666,2.067,26.433333333333337,2.643,61,1.834
M,Benson,4.5,4.5,Burnley,0,0,0,0,0,0,0,0,0,0,0,0,0,0,0,0
G,Peacock-Farrell,4.5,4.5,Burnley,0,0,0,0,0,0,0,0,0,0,0,0,0,0,0,0
M,McNeil,5.7,5.7,Burnley,84.5,5.8759999999999994,52.666666666666664,5.779,31.646666666666665,3.0540000000000003,30.833333333333332,3.258,37,1.411,30.093333333333334,2.75,30.5,3.363,74,2.436
D,Azpilicueta,5.6,5.6,Chelsea,61,3.11,0,0,21.28,3.4059999999999997,19.91,2.364,6.5600000000000005,0.348,20.4,2.469,20.91,2.0629999999999997,41,2.057
F,Giroud,6.5,6.5,Chelsea,0,0,0,0,0,0,0,0,0,0,0,0,0,0,0,0
D,Thiago Silva,5.6,5.6,Chelsea,83,3.843,0,0,40.693333333333335,5.976999999999999,38.8,4.171,12,0.631,38.76,4.332,35.7,3.177,71,3.17
D,Alonso,5.6,5.6,Chelsea,54,3.232,0,0,21.439999999999998,4.001,20.98,2.98,7.04,0.436,21.93,3.1229999999999998,21.42,2.4890000000000003,39,2.33
M,Jorginho,5.8,5.8,Chelsea,65,2.693,0,0,31.213333333333335,4.045,31.08,3.036,8.64,0.367,28.56,2.728,28.56,2.436,55,2.414
M,Barkley,5.2,5.2,Chelsea,0,0,0,0,0.5066666666666667,0.069,0.51,0.056,0.16,0.004,1.02,0.11,1.02,0.105,2,0.107
M,Kovacic,5.0,5.0,Chelsea,18,0.861,0,0,11.493333333333332,1.5179999999999998,12.25,1.246,4.16,0.141,12.24,1.191,15.3,1.336,23,1.07
F,Batshuayi,5.5,5.5,Chelsea,0,0,0,0,0,0,0,0,0,0,0,0,0,0,0,0
D,Rüdiger,6.1,6.1,Chelsea,88,4.031,0,0,41.72,6.165,41.79,4.513999999999999,12.8,0.677,40.29,4.5249999999999995,41.31,3.621,79,3.517
D,Zouma,5.4,5.4,West Ham,47,2.071,63,2.824,61,1.091,60,2.446,10.98,0.304,63,2.751,63,2.52,65,3.179
G,Arrizabalaga,4.7,4.7,Chelsea,1,0.046,0,0,0.34,0.05,1.01,0.1,0.32,0.016,1.53,0.157,1.53,0.137,4,0.178
M,Kanté,4.9,4.9,Chelsea,77,2.697,0,0,35.660000000000004,3.9,36.24,2.855,11.200000000000001,0.404,36.72,2.834,35.7,2.5050000000000003,71,2.501
M,Ziyech,7.3,7.3,Chelsea,13,0.826,0,0,6.093333333333334,1.1,7.13,1.027,2.88,0.138,7.65,1.069,8.16,1.049,16,1.065
M,Loftus-Cheek,5.4,5.4,Chelsea,42,1.912,0,0,22.293333333333333,3.03,22.94,2.342,7.04,0.288,22.95,2.282,20.91,1.98,46,2.238
D,Christensen,4.6,4.6,Chelsea,29,1.353,0,0,15.013333333333334,2.16,15.77,1.6729999999999998,4.8,0.226,14.79,1.6239999999999999,16.83,1.5050000000000001,31,1.404
F,Werner,8.6,8.6,Chelsea,50,2.812,0,0,23.459999999999997,4.173,22.45,3.1630000000000003,7.36,0.412,23.97,3.099,25.5,3.0060000000000002,45,2.844
D,Chilwell,5.6,5.6,Chelsea,0,0,0,0,0,0,0,0,0,0,0,0,0,0,0,0
F,Abraham,6.5,6.5,Chelsea,0,0,0,0,0,0,0,0,0,0,0,0,0,0,0,0
M,Pulisic,7.9,7.9,Chelsea,18,1.048,0,0,8.426666666666668,1.48,11.21,1.551,3.52,0.169,10.71,1.418,9.69,1.191,20,1.268
M,Mount,7.5,7.5,Chelsea,60,3.418,0,0,38.526666666666664,6.922000000000001,35.71,5.038,11.200000000000001,0.688,36.21,4.774,34.17,4.051,68,4.192
D,Ampadu,4.5,4.5,Chelsea,0,0,0,0,0,0,0,0,0,0,0,0,0,0,0,0
M,Hudson-Odoi,5.3,5.3,Chelsea,31,1.784,0,0,14.693333333333333,2.571,14.29,1.956,4.8,0.239,15.81,2.025,17.34,2.009,33,1.958
M,Havertz,7.8,7.8,Chelsea,62,3.591,0,0,25.666666666666668,4.746,27.56,4.007,8.48,0.507,24.48,3.3440000000000003,25.5,3.117,53,3.361
D,James,6.2,6.2,Chelsea,21,1.144,0,0,35.32666666666667,6.385,37.22,5.07,11.52,0.736,36.21,4.9799999999999995,35.7,3.956,74,4.131
G,Mendy,6.1,6.1,Chelsea,89,4.086,0,0,45.26,6.429,44.89,4.425,14.08,0.697,44.37,4.547000000000001,44.37,3.949,85,3.779
M,Gallagher,6.2,6.2,Crystal Palace,0,0,82,4.155,81,3.101,82,2.571,28.7,1.212,73,2.947,74,3.04,76,3.139
M,Gilmour,4.3,4.3,Norwich,71,1.854,65,1.994,32.49,2.21,29.885,1.885,9.76,0.254,32.7,1.979,33.79,2.3320000000000003,59,1.673
G,Guaita,4.6,4.6,Crystal Palace,90,7.164,86,3.958,89,3.636,88,3.146,30.45,1.241,88,3.431,88,3.35,87,3.461
D,Tomkins,4.3,4.3,Crystal Palace,2.5,0.181,10,0.465,12,0.453,15,0.399,4.8999999999999995,0.139,14,0.507,16,0.556,16,0.603
M,McArthur,4.3,4.3,Crystal Palace,43,3.416,43,1.874,38,1.443,40,1.354,15.399999999999999,0.51,44,1.637,42,1.588,44,1.666
F,Benteke,6.1,6.1,Crystal Palace,4,0.508,4,0.292,5,0.3,6,0.308,2.8,0.125,8,0.491,6,0.383,9,0.572
D,Kouyaté,4.5,4.5,Crystal Palace,84,5.71,76,3.806,76,2.787,75,1.591,25.2,0.906,71,2.408,74,2.302,73,2.555
D,Kelly,3.9,3.9,Crystal Palace,0,0,2,0.085,2,0.071,3,0.082,1.0499999999999998,0.023,3,0.104,5,0.169,2,0.071
M,Milivojevic,5.3,5.3,Crystal Palace,12,1.1469999999999998,7,0.383,7,0.333,9,0.396,2.4499999999999997,0.077,9,0.436,10,0.492,10,0.489
F,Ayew,5.8,5.8,Crystal Palace,40.5,3.7030000000000003,38,1.987,35,1.523,34,1.362,12.95,0.531,36,1.618,40,1.811,36,1.68
M,Zaha,6.8,6.8,Crystal Palace,85,8.51,83,5.282,79,3.67,80,2.983,26.25,1.393,75,3.707,78,3.926,77,3.93
M,Schlupp,5.4,5.4,Crystal Palace,39,3.459,21,1.12,21,0.961,24,0.984,8.049999999999999,0.285,26,1.193,27,1.236,27,1.258
G,Butland,4.4,4.4,Crystal Palace,0,0,3,0.139,1,0.041,2,0.072,1.0499999999999998,0.043,1,0.04,1,0.039,3,0.121
M,Riedewald,4.7,4.7,Crystal Palace,2,0.185,1,0.048,4,0.178,2,0.088,1.0499999999999998,0.026,3,0.135,4,0.18,2,0.092
D,Jach,4.3,4.3,Crystal Palace,0.5,0.048,1,0.054,2,0.086,2,0.065,1.75,0.049,3,0.118,2,0.08,2,0.085
F,Mateta,5.2,5.2,Crystal Palace,39.5,4.131,38,2.336,36,1.769,40,1.685,13.299999999999999,0.631,38,1.964,38,2.009,38,2.019
M,Eze,5.9,5.9,Crystal Palace,31,3.3449999999999998,8,0.524,12,0.654,10,0.5,4.199999999999999,0.183,15,0.852,12,0.696,13,0.774
D,Ferguson,4.5,4.5,Crystal Palace,0,0,0,0,0,0,0,0,0,0,5,0.154,7,0.193,11,0.346
D,Mitchell,4.5,4.5,Crystal Palace,89.5,5.6,87,3.85,84,2.809,85,1.606,29.4,0.953,80,2.423,80,2.223,78,2.47
M,Delph,4.3,4.3,Everton,1,0.036,6,0.233,1.7225,0.22800000000000004,2.11,0.306,3.5,0.084,1.965,0.268,1.965,0.269,9,0.377
M,Sigurdsson,6.7,6.7,Everton,0,0,0,0,0,0,0,0,0,0,0,0,0,0,0,0
D,Coleman,4.9,4.9,Everton,85,2.585,83,1.525,24.4725,2.764,23.3625,3.8899999999999997,27.65,1.042,24.235,2.907,23.9075,3.0230000000000006,70,2.783
M,James,6.9,6.9,Everton,0,0,0,0,0,0,0,0,0,0,0,0,0,0,0,0
M,Bernard,5.5,5.5,Everton,0,0,0,0,0,0,0,0,0,0,0,0,0,0,0,0
D,Digne,5.1,5.1,Aston Villa,89,4.489,31.866666666666664,3.181,34.14,4.246,33.07666666666666,3.1300000000000003,82,2.709,32.266666666666666,3.569,32.669999999999995,3.594,78,1.831
D,Keane,4.8,4.8,Everton,89,2.573,85,1.492,26.012499999999996,2.7800000000000002,25.882499999999997,4.096,28.7,1.047,26.2,2.9570000000000003,24.89,2.979,78,2.913
G,Pickford,4.9,4.9,Everton,90,3.408,89,3.154,27.9575,4.165,27.479999999999997,4.7139999999999995,30.799999999999997,1.274,28.4925,4.317,28.82,4.401999999999999,84,3.488
M,Allan,4.3,4.3,Everton,72,2.16,66,1.744,16.977500000000003,2.004,14.8625,1.939,14.7,0.45,15.72,1.88,16.0475,1.953,49,1.626
M,André Gomes,4.9,4.9,Everton,30,1.196,23,0.867,7.4350000000000005,1.0699999999999998,5.98,0.9420000000000001,5.25,0.151,5.8950000000000005,0.8800000000000001,4.9125,0.7480000000000001,15,0.67
M,Doucouré,5.3,5.3,Everton,0,0,15,0.427,16.4775,2.116,21.792499999999997,3.197,26.95,0.977,25.544999999999998,3.3770000000000002,24.89,3.404,74,2.756
M,Iwobi,5.8,5.8,Everton,18,0.949,16,0.736,4.715,0.865,5.1049999999999995,1.0050000000000001,5.949999999999999,0.234,6.2225,1.131,4.9125,0.9200000000000002,15,0.812
D,Mina,4.9,4.9,Everton,0,0,0,0,0,0,0,0,0,0,4.585,0.529,8.515,1.049,47,1.833
M,Davies,4.8,4.8,Everton,0,0,0,0,0,0,0,0,0,0,0,0,0,0,0,0
F,Calvert-Lewin,7.9,7.9,Everton,84,4.045,79,2.823,24.91,4.305,24.36,4.829999999999999,26.599999999999998,1.363,24.5625,4.446,23.580000000000002,4.503,74,3.832
D,Holgate,4.2,4.2,Everton,84,2.146,82,1.221,23.11,2.198,23.7425,3.3499999999999996,22.75,0.739,20.305,2.045,19.977499999999996,2.117,54,1.81
D,Godfrey,4.7,4.7,Everton,0,0,0,0,6.9750000000000005,0.729,12.879999999999999,1.9419999999999997,22.4,0.775,19.65,2.1270000000000002,19.322499999999998,2.189,51,1.835
F,Richarlison,7.5,7.5,Everton,69,3.113,51,1.883,14.090000000000002,2.428,13.5425,2.628,16.099999999999998,0.749,16.375,2.866,14.7375,2.703,46,2.332
G,Virgínia,4.0,4.0,Everton,0,0,0,0,0,0,0,0,0,0,0,0,0,0,0,0
M,Hernández,5.5,5.5,Leeds,0,0,0,0,0,0,0,0,0,0,0,0,0,0,0,0
G,Casilla,4.5,4.5,Leeds,0,0,0,0,0,0,0,0,0,0,0,0,0,0,0,0
D,Cooper,4.4,4.4,Leeds,0,0,2.15,0.124,18.35,0.897,33.5,2.7889999999999997,79,2.309,42.9,2.8049999999999997,40.15,2.699,77,1.543
D,Ayling,4.3,4.3,Leeds,89,3.3369999999999997,45.8,2.801,45.15,2.41,44.55,3.955,79,2.418,42.9,2.99,42.9,3.019,75,1.637
M,Klich,5.2,5.2,Leeds,54,4.067,30.6,2.5549999999999997,29,2.355,25.65,2.471,45,1.809,22.55,2.084,24.75,2.1910000000000003,44,1.672
F,Rodrigo,6.2,6.2,Leeds,64,4.911,34.25,2.992,33.1,2.871,31.4,3.146,52,2.096,30.25,2.93,30.8,2.851,51,1.974
M,Dallas,4.9,4.9,Leeds,66,3.726,41.55,2.635,36.55,2.254,35.9,2.576,66,2.008,37.4,2.571,35.2,2.315,67,1.952
F,Bamford,7.7,7.7,Leeds,12.5,0.94,16.95,1.681,32.05,3.2009999999999996,41.95,5.061999999999999,73,3.35,40.7,4.707,40.7,4.4479999999999995,71,2.999
D,Llorente,4.5,4.5,Leeds,87.5,2.928,47.2,2.589,46.65,2.185,44.05,3.638,78,2.23,44.55,2.812,42.35,2.7619999999999996,73,1.45
M,Phillips,4.7,4.7,Leeds,0,0,1.05,0.062,17.3,0.9179999999999999,32.55,2.047,78,2.081,42.35,2.4530000000000003,42.35,2.4530000000000003,75,1.876
M,Costa,5.4,5.4,Leeds,0,0,0,0,0,0,0,0,0,0,0,0,0,0,0,0
M,Roberts,4.8,4.8,Leeds,28,2.546,15.35,1.509,15.3,1.4809999999999999,13.25,1.491,24,1.146,13.75,1.476,14.85,1.532,27,1.201
D,Koch,4.3,4.3,Leeds,75.5,2.845,38.9,2.348,28.6,1.489,21.8,1.9500000000000002,27,0.869,14.3,1.024,16.5,1.189,26,0.61
M,Poveda,4.5,4.5,Leeds,0,0,0,0,0,0,0,0,0,0,0,0,0,0,0,0
M,Raphinha,6.5,6.5,Leeds,85.5,7.791,43.55,4.7860000000000005,45.4,4.671,44,5.555,79,3.587,41.8,4.9079999999999995,41.8,4.683,75,3.137
M,Shackleton,4.4,4.4,Leeds,16.5,1.3559999999999999,11.2,0.919,9.35,0.791,9.7,0.899,16,0.695,8.25,0.735,8.25,0.725,17,0.717
D,Struijk,4.3,4.3,Leeds,85.5,3.042,42,2.448,30.65,1.571,20.25,1.786,30,0.992,13.75,0.988,19.25,1.386,33,0.797
G,Meslier,4.8,4.8,Leeds,90,6.542999999999999,48.4,3.708,48.4,3.591,48.35,4.281000000000001,89,3.465,47.3,3.794,47.85,3.9139999999999997,86,3.086
G,Schmeichel,4.8,4.8,Leicester,90,3.604,89,3.674,24.025000000000002,3.9,24.005,3.474,89,3.916,34.61333333333334,3.8030000000000004,34.22,4.259,87,3.4
D,Evans,5.4,5.4,Leicester,0,0,0,0,0,0,0,0,0,0,9.44,0.6359999999999999,20.453333333333333,2.237,68,2.105
M,Albrighton,5.2,5.2,Leicester,14,0.652,18,0.893,4.895,0.996,4.8950000000000005,0.8540000000000001,16,0.84,6.686666666666667,0.8720000000000001,8.26,1.178,20,0.985
M,Mendy,4.3,4.3,Leicester,3,0.128,2,0.087,1.345,0.223,1.34,0.213,5,0.216,1.9666666666666668,0.222,1.5733333333333335,0.183,5,0.213
G,Ward,4.0,4.0,Leicester,0,0,0,0,0.2625,0.043000000000000003,0.0125,0.002,0,0,0.39333333333333337,0.043,0.7866666666666667,0.098,2,0.079
F,Vardy,10.3,10.3,Leicester,0,0,7,0.418,5.0275,1.323,10.565,1.991,44,2.744,17.7,2.5789999999999997,20.060000000000002,3.633,50,2.865
M,Praet,4.9,4.9,Leicester,0,0,0,0,0,0,0,0,0,0,0,0,0,0,0,0
D,Pereira,5.2,5.2,Leicester,67,2.439,62,2.5,17.7,2.855,15.864999999999998,1.6239999999999999,55,2.623,15.339999999999998,1.2590000000000001,16.52,2.182,39,1.456
D,Amartey,3.8,3.8,Leicester,78,2.521,74,2.584,18.645,2.5929999999999995,17.63,1.5629999999999997,69,2.851,23.99333333333333,1.605,23.206666666666667,2.5,52,1.605
D,Castagne,5.3,5.3,Leicester,0,0,0,0,0,0,1.3225000000000002,0.136,29,1.225,26.353333333333335,1.869,27.53333333333333,3.087,67,2.15
M,Tielemans,6.4,6.4,Leicester,85,3.399,83,3.805,21.555,4.297000000000001,21.077500000000004,2.998,76,3.593,29.106666666666666,3.2150000000000003,29.5,3.905,75,3.14
M,Pérez,5.7,5.7,Leicester,4,0.214,7,0.419,1.8724999999999998,0.47800000000000004,1.5925,0.329,6,0.376,1.5733333333333335,0.23800000000000002,2.36,0.40900000000000003,8,0.476
M,Maddison,6.9,6.9,Leicester,75,3.672,72,4.083,19.447499999999998,4.925,18.674999999999997,3.354,67,4.098,26.353333333333335,3.674,27.139999999999997,4.785,69,3.804
F,Iheanacho,6.9,6.9,Leicester,21,1.24,23,1.481,5.355,1.536,3.7625,0.8390000000000001,12,0.833,4.72,0.807,3.9333333333333336,0.797,12,0.812
M,Choudhury,4.4,4.4,Leicester,4,0.16,6,0.256,1.635,0.272,2.1625000000000005,0.341,6,0.263,2.36,0.265,2.7533333333333334,0.331,8,0.347
M,Barnes,6.5,6.5,Leicester,61,3.015,58,3.261,15.025,3.7619999999999996,14.145000000000001,2.624,54,3.272,22.026666666666667,3.074,20.846666666666664,3.633,51,2.816
M,Ndidi,4.8,4.8,Leicester,87,2.359,83,2.379,22.627499999999998,2.7049999999999996,21.0725,2.151,79,2.44,30.679999999999996,2.3670000000000004,31.46666666666667,2.7600000000000002,76,2.154
D,Söyüncü,4.9,4.9,Leicester,59,1.876,67,2.316,16.974999999999998,2.347,17.74,1.549,59,2.444,22.026666666666667,1.4540000000000002,15.339999999999998,1.682,40,1.237
D,Justin,4.9,4.9,Leicester,26,0.988,35,1.428,7.72,1.26,9.865,1.057,25,1.18,8.653333333333334,0.731,8.26,1.018,25,0.931
D,Thomas,4.3,4.3,Leicester,87,2.805,82,2.89,22.120000000000005,3.088,20.7625,1.8599999999999999,70,2.963,21.633333333333336,1.5079999999999998,20.060000000000002,2.235,52,1.656
D,Fofana,4.3,4.3,Leicester,1,0.037,5,0.185,3.0524999999999998,0.42600000000000005,4.0675,0.383,20,0.845,4.72,0.334,3.9333333333333336,0.42400000000000004,7,0.237
M,Milner,4.9,4.9,Liverpool,2,0.187,0,0,5,0.264,3.9,0.355,1.4000000000000001,0.04,5.775,0.6930000000000001,4.2,0.37,10,0.528
M,Henderson,5.0,5.0,Liverpool,62.5,5.890000000000001,0,0,56,2.424,32.4,2.552,10.8,0.415,29.4,2.807,29.925,1.93,57,2.307
G,Adrián,4.3,4.3,Liverpool,0,0,0,0,1,0.047,0,0,0.2,0.009,1.05,0.106,0.525,0.039,0,0
D,Matip,4.9,4.9,Liverpool,80,9.173,0,0,75,3.785,44.25,4.07,14.600000000000001,0.656,36.75,4.29,38.85,2.091,69,3.176
M,Thiago,5.3,5.3,Liverpool,42,4.073,0,0,49,2.147,26.14,2.1020000000000003,9.4,0.338,24.675,2.381,24.675,1.6560000000000001,45,1.881
M,Shaqiri,5.9,5.9,Liverpool,0,0,0,0,0,0,0,0,0,0,0,0,0,0,0,0
M,Chamberlain,5.8,5.8,Liverpool,3,0.315,0,0,7,0.377,5.81,0.554,1.4000000000000001,0.039,7.35,0.894,5.25,0.462,11,0.576
F,Firmino,8.7,8.7,Liverpool,42.5,5.5280000000000005,0,0,45,2.604,26.37,2.672,9,0.437,24.15,3.141,23.625,1.964,45,2.495
D,van Dijk,6.7,6.7,Liverpool,89,10.117,0,0,84,4.227,48.06,4.434,16.6,0.747,41.475,4.868,43.575,2.334,77,3.572
M,Mané,11.7,11.7,Liverpool,81,12.994,0,0,71,4.966,42.71,5.117,14.200000000000001,0.895,35.7,5.934,34.65,2.9819999999999998,65,4.18
G,Alisson,6.0,6.0,Liverpool,90,9.221,0,0,89,4.262,52.51,4.8709999999999996,17.400000000000002,0.788,45.15,4.696,45.675,3.4859999999999998,86,3.934
M,Fabinho,5.4,5.4,Liverpool,86,6.688,0,0,83,2.975,46.61,3.1500000000000004,16.6,0.558,40.425,3.3440000000000003,40.95,2.215,77,2.662
M,Salah,13.0,13.0,Liverpool,86.5,18.393,0,0,82,7.423,45.019999999999996,6.907,15.8,1.304,40.425,8.809,39.9,4.12,76,6.174
D,Robertson,7.1,7.1,Liverpool,83,11.21,0,0,82,4.797,48.29,5.061,15.600000000000001,0.815,40.425,5.579000000000001,40.425,2.414,77,4.066
F,Origi,4.8,4.8,Liverpool,0,0,0,0,0,0,0,0,0,0,0,0,0.525,0.053,0,0
M,Minamino,5.1,5.1,Liverpool,2.5,0.347,0,0,7,0.491,4.72,0.5640000000000001,1.4000000000000001,0.059,4.725,0.721,4.725,0.48300000000000004,11,0.723
D,Alexander-Arnold,8.5,8.0,Liverpool,88,13.078,0,0,85,5.468,48.38,5.548,16.2,0.931,42.525,6.46,43.05,2.746,81,4.678
D,Gomez,4.7,4.7,Liverpool,0,0,0,0,1,0.031,0.6799999999999999,0.034999999999999996,0.6000000000000001,0.011,0.525,0.035,1.575,0.07,2,0.061
M,Keita,5.0,5.0,Liverpool,54,5.772,0,0,48,2.348,29.73,2.574,8.8,0.349,21.525,2.378,25.2,1.7790000000000001,46,2.106
M,Jota,8.5,8.1,Liverpool,52.5,8.411999999999999,0,0,50,3.546,32.269999999999996,3.9400000000000004,10.600000000000001,0.648,27.825,4.606,27.825,2.482,55,3.595
D,Phillips,4.2,4.2,Liverpool,0,0,0,0,0,0,0,0,0,0,0,0,0,0,0,0
G,Kelleher,4.3,4.3,Liverpool,0,0,0,0,0,0,0.09,0.008,0.2,0.009,0.525,0.054,0,0,3,0.136
D,Konaté,5.1,5.1,Liverpool,11,0.9869999999999999,0,0,20,0.928,13.12,1.1400000000000001,4.800000000000001,0.179,14.7,1.621,11.025,0.63,30,1.355
M,Jones,5.0,5.0,Liverpool,18.5,1.976,0,0,21,1.043,14.8,1.294,5.2,0.171,13.65,1.426,12.075,0.9580000000000001,26,1.214
D,Tsimikas,3.7,3.7,Liverpool,7,0.7949999999999999,0,0,8,0.416,4.81,0.44,2.4000000000000004,0.087,6.825,0.8180000000000001,5.775,0.382,13,0.647
D,N.Williams,3.8,3.8,Liverpool,0,0,0,0,0,0,0,0,0,0,0,0,0,0,0,0
D,R.Williams,4.4,4.4,Liverpool,0,0,0,0,0,0,0,0,0,0,0,0,0,0,0,0
D,Davies,4.0,4.0,Liverpool,0,0,0,0,0,0,0,0,0,0,0,0,0,0,0,0
D,Walker,5.4,5.4,Man City,70,3.618,67,3.439,65,3.174,64,3.239,6.7,0.372,70,3.891,66,2.769,63,3.325
M,Gündogan,7.2,7.2,Man City,35,2.135,39,2.381,36,2.11,43,2.46,4.3,0.234,42,2.583,43,2.194,46,2.484
M,De Bruyne,12.1,12.1,Man City,79,5.157,73,4.829,77,4.845,75,4.654,7.7,0.521,73,4.944,73,3.967,70,4.116
D,Stones,5.2,5.2,Man City,24,1.314,26,1.429,28,1.48,32,1.75,2.9000000000000004,0.164,37,2.18,28,1.283,36,2.034
D,Mendy,5.2,5.2,Man City,0,0,0,0,0,0,0,0,0,0,0,0,0,0,0,0
M,Mahrez,8.7,8.7,Man City,60,4.796,51,4.143,50,3.887,52,3.961,5.300000000000001,0.418,49,4.075,48,3.23,52,3.725
M,Sterling,10.7,10.7,Man City,63,4.784,51,3.945,54,4.012,51,3.706,5,0.38,56,4.44,53,3.374,56,3.8
D,Cancelo,7.2,6.6,Man City,82,5.009,79,4.811,80,4.573,79,4.654,7.2,0.476,71,4.642,74,3.563,73,4.423
G,Ederson,6.1,6.1,Man City,90,4.488,89,4.422,88,4.238,88,4.362,8.9,0.469,87,4.55,86,3.842,87,4.467
D,Aké,4.7,4.7,Man City,4,0.17,10,0.474,13,0.628,11,0.528,1.5,0.068,20,1.172,16,0.713,19,1.061
D,Laporte,5.8,5.8,Man City,74,4.247,72,4.092,67,3.604,68,3.773,7.1000000000000005,0.435,61,3.683,71,3.237,66,3.782
G,Steffen,4.4,4.4,Man City,0,0,1,0.05,1,0.048,1,0.05,0,0,3,0.156,3,0.134,2,0.102
M,Bernardo,7.3,7.3,Man City,67,3.384,67,3.364,65,3.158,63,3.049,6.1000000000000005,0.309,66,3.43,63,2.692,59,2.774
D,Dias,6.3,6.3,Man City,79,4.346,75,4.092,77,3.985,73,3.904,7.1000000000000005,0.419,67,3.922,69,3.034,68,3.759
F,Jesus,8.5,8.5,Man City,21,1.328,37,2.343,48,2.98,55,3.265,4.9,0.293,47,3.074,51,2.753,50,2.792
D,Zinchenko,5.3,5.3,Man City,25,1.357,31,1.718,30,1.59,30,1.639,3.5,0.193,33,1.958,34,1.568,31,1.756
M,Foden,8.0,8.0,Man City,73,5.081,70,4.859,65,4.374,59,3.939,6.1000000000000005,0.427,60,4.363,60,3.52,61,3.801
M,Rodrigo,5.5,5.5,Man City,87,3.252,84,3.145,81,2.966,78,2.872,8.1,0.317,78,3.063,78,2.567,77,2.772
M,Harrison,5.5,5.5,Leeds,82,5.746,42.2,3.448,39.55,3.203,39.1,3.796,71,2.727,40.15,3.6180000000000003,35.75,3.177,72,2.525
M,Torres,6.7,6.7,Man City,0,0,0,0,0,0,0,0,0,0,0,0,0,0,0,0
F,Cavani,8.4,8.4,Man Utd,17,1.132,23,1.702,22,1.037,23,1.446,5.2,0.181,26,1.806,23,1.448,18,1.332
G,de Gea,5.3,5.2,Man Utd,90,3.742,89,4.328,89,3.197,89,3.82,17,0.615,88,3.84,88,3.757,87,4.329
M,Matic,4.3,4.3,Man Utd,3,0.118,6,0.253,16,0.549,14,0.538,3.6,0.079,20,0.804,20,0.756,21,0.879
M,Pogba,7.4,7.4,Man Utd,73,3.028,69,3.414,68,2.041,69,2.853,13.200000000000001,0.398,65,3.03,63,2.675,65,3.352
D,Maguire,5.4,5.4,Man Utd,88,3.125,83,4.182,84,1.393,83,3.126,16,0.305,78,3.236,77,2.89,78,4.015
M,Fred,4.9,4.9,Man Utd,43,1.531,51,1.985,44,1.274,43,1.5,9.4,0.232,46,1.678,53,1.775,53,2.031
D,Shaw,5.0,5.0,Man Utd,78,3.312,64,3.739,63,1.276,64,2.831,12,0.26,55,2.701,56,2.445,57,3.413
M,Lingard,6.7,6.7,Man Utd,30,1.647,35,2.15,33,1.325,33,1.779,6.4,0.205,36,2.117,35,1.869,36,2.228
M,Fernandes,11.7,11.6,Man Utd,83,4.112,81,4.933,78,2.553,78,3.866,15.4,0.54,75,4.306,75,3.781,72,4.39
F,Martial,7.6,7.6,Man Utd,0,0,0,0,0,0,0,0,0,0,0,0,0,0,0,0
D,Telles,5.0,5.0,Man Utd,12,0.512,25,1.536,27,0.691,25,1.217,6,0.138,33,1.765,33,1.593,32,2.031
G,Henderson,4.7,4.7,Man Utd,0,0,1,0.048,0,0,1,0.043,0.6000000000000001,0.021,1,0.044,0,0,0,0
M,Rashford,9.4,9.4,Man Utd,50,2.947,46,3.236,53,2.092,52,3.006,10.4,0.395,48,3.154,45,2.622,51,3.499
M,van de Beek,5.7,5.7,Everton,57,2.19,53,1.743,11.9075,1.7830000000000001,11.45,1.8579999999999999,11.899999999999999,0.423,9.497499999999999,1.4790000000000003,10.807500000000001,1.695,30,1.343
D,Tuanzebe,4.4,4.4,Man Utd,0,0,0,0,0,0,0,0,0,0,0,0,0,0,0,0
D,Lindelöf,4.8,4.8,Man Utd,3,0.125,10,0.464,10,0.227,13,0.495,3.2,0.054,16,0.646,15,0.564,21,1.052
M,McTominay,5.4,5.4,Man Utd,69,2.439,62,2.545,64,1.793,65,2.284,12.4,0.33,63,2.379,61,2.165,60,2.477
D,Bailly,4.9,4.9,Man Utd,0,0,2,0.089,3,0.085,3,0.118,0.8,0.008,6,0.244,10,0.39,9,0.418
M,James,6.0,6.0,Leeds,71.5,5.5,32.2,2.918,23.8,2.201,17.95,1.916,36,1.576,20.35,2.034,22,2.1,36,1.482
D,Wan-Bissaka,5.1,5.1,Man Utd,4,0.164,15,0.705,16,0.332,20,0.775,3.6,0.062,20,0.825,21,0.806,23,1.171
M,Greenwood,7.1,7.1,Man Utd,0,0,0,0,0,0,0,0,0,0,0,0,0,0,0,0
D,Williams,3.9,3.9,Norwich,87,0.802,81,1.963,40.17,3.08,40.625,1.991,12.48,0.232,41.42,2.125,39.785,3.093,71,1.235
M,Shelvey,5.3,5.3,Newcastle,86,2.623,82,2.684,33.236666666666665,3.3600000000000003,32.46,2.684,28,0.972,32.126666666666665,2.881,32.126666666666665,3.186,74,2.615
D,Ritchie,4.9,4.9,Newcastle,0,0,0,0,1.0333333333333332,0.09799999999999999,5.62,0.428,4.8999999999999995,0.161,4.473333333333334,0.39300000000000007,6.099999999999999,0.7330000000000001,15,0.692
D,Clark,4.4,4.4,Newcastle,0,0,0,0,0,0,0,0,0,0,0,0,0,0,0,0
G,Darlow,4.5,4.5,Newcastle,0,0,0,0,0,0,0.11,0.012,0.7,0.028,0.40666666666666673,0.044,0.40666666666666673,0.051000000000000004,2,0.078
G,Dubravka,4.4,4.4,Newcastle,90,3.379,90,3.682,36.230000000000004,4.542000000000001,36.083333333333336,3.924,30.099999999999998,1.274,35.78666666666667,3.9690000000000003,35.379999999999995,4.5809999999999995,87,3.49
F,Wilson,7.2,7.2,Newcastle,0,0,0,0,0,0,0,0,0,0,13.826666666666668,1.802,22.366666666666664,3.3449999999999998,63,3.579
M,Hendrick,4.8,4.8,Newcastle,0,0,0,0,0,0,0,0,0,0,0,0,0,0,0,0
M,Fraser,5.3,5.3,Newcastle,76,2.961,73,3.055,30.353333333333335,3.974,28.17,2.9229999999999996,24.5,1.098,26.840000000000003,3.093,28.46666666666667,3.646,68,3.238
D,Lascelles,4.4,4.4,Newcastle,56,1.364,71,2.349,26.730000000000004,2.7039999999999997,27.763333333333335,1.443,22.4,0.772,26.02666666666667,1.796,26.02666666666667,2.7760000000000002,65,2.129
F,Gayle,5.2,5.2,Newcastle,4,0.23,7,0.421,2.2933333333333334,0.41600000000000004,0.96,0.129,1.4,0.064,1.626666666666667,0.253,1.22,0.20900000000000002,3,0.204
D,Dummett,4.5,4.5,Newcastle,13,0.399,16,0.581,6.173333333333335,0.625,6.3566666666666665,0.42499999999999993,8.399999999999999,0.245,5.6933333333333325,0.457,6.506666666666668,0.6890000000000001,18,0.643
D,Manquillo,3.9,3.9,Newcastle,42,1.1,51,1.785,19.593333333333334,2.048,19.743333333333336,1.112,15.749999999999998,0.519,10.573333333333332,0.8360000000000001,6.099999999999999,0.65,14,0.503
D,Krafth,4.3,4.3,Newcastle,36,1.056,26,0.973,10.979999999999999,1.193,11.313333333333333,0.74,11.2,0.364,7.32,0.6060000000000001,2.033333333333333,0.21500000000000002,5,0.187
M,Murphy,4.7,4.7,Newcastle,20,0.87,22,0.983,9.316666666666666,1.188,9.943333333333333,1.1219999999999999,9.45,0.353,8.946666666666667,1.1239999999999999,5.6933333333333325,0.805,15,0.814
D,Schär,4.3,4.3,Newcastle,40,1.035,28,0.985,13.493333333333334,1.457,13.126666666666665,0.729,11.549999999999999,0.413,13.826666666666668,1.026,13.013333333333335,1.469,35,1.226
M,Hayden,4.5,4.5,Newcastle,0,0,0,0,0,0,0,0,0,0,0,0,0,0,0,0
F,Saint-Maximin,6.9,6.9,Newcastle,81,3.062,81,3.145,32.053333333333335,4.024,30.5,3.11,25.9,1.12,30.906666666666666,3.38,29.28,3.6020000000000003,74,3.3
M,Almirón,5.1,5.1,Newcastle,18,0.876,16,0.815,8.206666666666665,1.204,8.096666666666666,1.024,7,0.284,7.32,0.98,6.913333333333334,0.9920000000000001,15,0.825
M,S.Longstaff,4.4,4.4,Newcastle,2,0.094,4,0.193,2.216666666666667,0.276,3.216666666666667,0.378,3.15,0.094,2.8466666666666662,0.34900000000000003,3.253333333333334,0.40900000000000003,10,0.476
F,Joelinton,5.8,5.8,Newcastle,82,2.468,77,2.431,31.423333333333332,3.0980000000000003,32.166666666666664,2.6799999999999997,26.25,0.9,29.686666666666667,2.6929999999999996,30.5,2.868,74,2.545
D,Lewis,4.2,4.2,Newcastle,0,0,0,0,0,0,0,0,0,0,0,0,0,0,0,0
M,M.Longstaff,4.5,4.5,Newcastle,0,0,0,0,0,0,0,0,0,0,0,0,0,0,0,0
G,McGovern,3.9,3.9,Norwich,0,0,1,0.038,0.5,0.044,0,0,0,0,0,0,0,0,0,0
G,Krul,4.5,4.5,Norwich,8,0.284,36,1.326,34.715,2.993,44.32,3.275,14.08,0.5,47.415,3.546,47.415,4.107,85,3.004
F,Pukki,5.8,5.8,Norwich,83,2.807,78,3.398,40.185,3.921,39.67,3.629,12.16,0.445,40.875,3.331,40.33,4.184,75,2.813
M,Stiepermann,5.0,5.0,Norwich,0,0,0,0,0,0,0,0,0,0,0,0,0,0,0,0
M,Rupp,4.4,4.4,Norwich,10,0.411,19,0.832,8.785,0.803,10.8,0.917,3.04,0.07,11.99,0.9550000000000001,12.535,1.1039999999999999,24,0.937
M,McLean,4.9,4.9,Norwich,69,1.8,65,1.991,33.84,2.2960000000000003,33.475,2.097,9.92,0.266,32.155,1.954,32.155,2.235,58,1.645
D,Hanley,4.4,4.4,Norwich,89,0.894,86,2.101,43.775,3.341,41.775,2.0989999999999998,13.44,0.261,45.235,2.325,43.6,3.403,81,1.375
M,Hernández,4.9,4.9,Norwich,0,0,0,0,0,0,0,0,0,0,0,0,0,0,0,0
D,Byram,4.4,4.4,Norwich,6,0.163,7,0.258,4.165,0.351,4.62,0.33,1.6,0.016,7.63,0.523,6.54,0.5640000000000001,14,0.432
F,Hugill,5.4,5.4,Norwich,0,0,0,0,0,0,0,0,0,0,0,0,0,0,0,0
M,Dowell,5.1,5.1,Norwich,12,0.546,11,0.571,7.135,0.78,7.695,0.811,2.56,0.07,6.54,0.634,7.63,0.856,15,0.714
D,Zimmermann,4.4,4.4,Norwich,0,0,2,0.045,0.5,0.029,0,0,0.16,0.001,1.635,0.07200000000000001,0.545,0.030000000000000002,3,0.055
M,Cantwell,5.3,5.3,Norwich,0,0,0,0,0,0,0,0,0,0,0,0,0,0,0,0
D,Aarons,4.3,4.3,Norwich,89,0.931,87,2.142,44.23,3.3579999999999997,41.76,2.1300000000000003,13.280000000000001,0.262,41.965,2.236,44.145,3.406,79,1.38
D,Sørensen,4.3,4.3,Norwich,1,0.021,8,0.257,6.27,0.532,11.875,0.769,4.32,0.074,14.17,0.91,14.17,1.239,24,0.615
M,Placheta,4.7,4.7,Norwich,14,0.621,14,0.698,7.225,0.752,8.74,0.861,2.56,0.066,9.81,0.9,9.81,1.032,19,0.851
F,Idah,4.9,4.9,Norwich,37,1.326,42,1.858,22.705,2.137,22.69,2.085,7.84,0.263,25.07,2.037,25.07,2.449,47,1.793
M,Martin,5.0,5.0,Norwich,0,0,0,0,0,0,0,0,0,0,0,0,0,0,0,0
D,Omobamidele,3.9,3.9,Norwich,2,0.04,2,0.068,2.62,0.21,3.635,0.211,1.44,0.02,6.54,0.365,6.54,0.502,11,0.236
M,Walcott,5.8,5.8,Southampton,7,0.415,4,0.242,2.22,0.227,3.22,0.388,3,0.124,4.44,0.483,2.775,0.271,9,0.493
G,Forster,4.4,4.4,Southampton,57,2.385,32,1.468,2.83,0.219,3.275,0.29200000000000004,1.5,0.063,2.775,0.215,2.22,0.16499999999999998,5,0.193
G,McCarthy,4.4,4.4,Southampton,33,1.384,57,2.62,47.12,3.6270000000000002,46.675,4.164,43.5,1.825,47.175,3.6470000000000002,47.730000000000004,3.532,85,3.272
M,Romeu,4.5,4.5,Southampton,86,2.519,83,2.635,44.955,2.411,45.345,2.8289999999999997,39,1.099,43.29,2.359,43.845,2.192,74,1.987
M,Redmond,5.9,5.9,Southampton,18,0.888,27,1.445,23.865000000000002,2.109,22.53,2.418,21.5,0.926,24.42,2.241,25.53,2.06,44,1.918
F,Ings,7.7,7.7,Aston Villa,17,1.246,9.033333333333333,1.55,9.506666666666668,1.8769999999999998,9.183333333333334,1.564,25,1.473,11.293333333333335,1.8539999999999999,9.68,1.75,30,1.531
D,Stephens,4.4,4.4,Southampton,17,0.653,29,1.401,13.32,0.859,15.04,1.381,15,0.545,14.985,0.984,14.985,0.842,24,0.792
M,S.Armstrong,5.8,5.8,Southampton,76,3.479,69,3.32,37.295,3.037,35.13,3.577,31,1.277,33.855,2.935,35.52,2.592,64,2.511
D,Vestergaard,4.7,4.7,Leicester,2,0.057,3,0.095,0.8525,0.10300000000000001,1.59,0.151,6,0.236,2.36,0.16699999999999998,0.7866666666666667,0.069,3,0.09
M,Ward-Prowse,6.4,6.4,Southampton,87,4.338,82,4.411,46.12,3.836,45.455,4.925,40,1.828,44.955,4.005,43.29,3.2479999999999998,78,3.161
D,Walker-Peters,4.8,4.8,Southampton,54,2.144,50,2.441,30.245,1.877,30.195,2.772,26.5,0.982,31.08,1.943,30.525,1.58,55,1.68
D,Bednarek,4.4,4.4,Southampton,87,3.218,82,3.801,45.01,2.612,43.79,3.872,39,1.406,42.18,2.4989999999999997,41.07,2.02,75,2.164
F,Nlundulu,4.5,4.5,Southampton,0,0,0,0,0,0,0,0,0,0,0,0,0,0,0,0
F,Adams,6.8,6.8,Southampton,79,4.25,76,4.347,37.515,3.615,39.46,4.643000000000001,33,1.636,37.74,3.8449999999999998,35.52,3.0540000000000003,67,3.117
M,Tella,4.7,4.7,Southampton,7,0.384,12,0.689,8.38,0.812,8.88,0.9710000000000001,10.5,0.432,10.545,1.04,9.99,0.9039999999999999,21,1.018
M,Smallbone,4.5,4.5,Southampton,3,0.138,3,0.143,2.665,0.228,2.22,0.2,2,0.058,2.775,0.24100000000000002,2.22,0.18,4,0.177
F,Obafemi,4.5,4.5,Southampton,0,0,0,0,0,0,0,0,0,0,0,0,0,0,0,0
M,Diallo,4.5,4.5,Southampton,16,0.68,11,0.494,7.105,0.561,7.77,0.648,8.5,0.273,8.88,0.7240000000000001,9.99,0.765,20,0.806
M,Djenepo,5.2,5.2,Southampton,5,0.268,3,0.161,2.165,0.20400000000000001,2.22,0.234,2,0.071,2.775,0.268,2.775,0.248,5,0.246
D,Salisu,4.5,4.5,Southampton,89,3.203,86,3.832,46.62,2.6100000000000003,46.12,3.92,41.5,1.435,45.51,2.574,44.955,2.087,81,2.233
G,Hart,4.5,4.5,Spurs,0,0,0,0,0,0,0,0,0,0,0,0,0,0,0,0
G,Lloris,5.4,5.4,Spurs,90,7.205,89,3.6,36.193333333333335,4.796,36.120000000000005,4.1160000000000005,15.84,0.674,35.379999999999995,4.717,36.193333333333335,4.432,87,3.903
M,Sissoko,4.4,4.4,Watford,86.5,4.994,46.25,2.379,45.65,2.516,44.45,2.477,27.65,0.846,42.9,2.098,43.45,2.6519999999999997,79,2.458
D,Alderweireld,5.0,5.0,Spurs,0,0,0,0,0,0,0,0,0,0,0,0,0,0,0,0
M,Lamela,6.0,6.0,Spurs,0,0,0,0,0,0,0,0,0,0,0,0,0,0,0,0
F,Kane,12.2,12.2,Spurs,85.5,8.473,81,5.127,33.75333333333333,6.849,32.57,4.992,14.58,0.92,31.313333333333333,6.577,32.126666666666665,5.526000000000001,80,5.048
D,Aurier,4.9,4.9,Spurs,0,0,0,0,0,0,0,0,0,0,0,0,0,0,0,0
M,Son,10.7,10.6,Spurs,85.5,8.855,82,5.369,32.90333333333333,7.038,31.756666666666664,5.061999999999999,13.5,0.89,30.906666666666666,6.861,30.5,5.534,75,5.073
D,Doherty,4.7,4.7,Spurs,17,1.433,21,1,6.69,0.978,9.17,1.02,3.78,0.132,8.946666666666667,1.3960000000000001,8.946666666666667,1.168,30,1.624
D,Dier,4.6,4.6,Spurs,75,4.377,69,2.379,28.653333333333336,3.6519999999999997,28.87666666666667,2.386,12.24,0.471,27.653333333333336,3.6,25.620000000000005,2.629,69,3.016
M,Lucas Moura,6.4,6.4,Spurs,58,5.039,57,2.913,23.03333333333333,3.7079999999999997,23.21666666666667,3.0020000000000002,10.44,0.502,23.586666666666662,3.93,21.55333333333333,3.117,52,2.795
M,Dele,6.2,6.2,Everton,47,2.058,42,1.564,11.387500000000001,1.8840000000000001,9.367499999999998,1.7720000000000002,10.5,0.425,10.480000000000002,1.8219999999999998,10.152499999999998,1.831,33,1.659
D,Davies,4.5,4.5,Spurs,51.5,3.051,53,1.813,20.7,2.569,20.996666666666666,1.739,10.08,0.373,21.146666666666665,2.6900000000000004,23.99333333333333,2.418,54,2.284
M,Højbjerg,4.9,4.9,Spurs,82.5,4.6850000000000005,78,2.425,29.94666666666667,2.996,29.28,2.5,12.42,0.389,26.433333333333337,2.7049999999999996,30.093333333333334,2.726,67,2.234
M,Winks,4.4,4.4,Spurs,14.5,1.188,15,0.64,7.613333333333333,0.8980000000000001,8.576666666666666,0.9220000000000002,4.32,0.113,10.573333333333332,1.237,8.54,0.9500000000000001,26,1.051
D,Sánchez,4.6,4.6,Spurs,51.5,3.0469999999999997,52,1.812,21.47666666666667,2.738,22.959999999999997,1.8900000000000001,10.08,0.383,22.77333333333333,2.9419999999999997,21.959999999999997,2.242,56,2.434
D,Sessegnon,4.3,4.3,Spurs,17,1.389,17,0.83,8.133333333333333,1.264,9.316666666666666,1.09,3.96,0.145,9.353333333333333,1.5050000000000001,10.573333333333332,1.441,21,1.179
M,Bergwijn,5.9,5.9,Spurs,37.5,3.444,42,2.224,16.85666666666667,2.7800000000000002,17.673333333333332,2.325,8.1,0.383,17.893333333333334,2.978,19.113333333333333,2.7209999999999996,50,2.688
D,Reguilón,5.4,5.4,Spurs,67,5.029,66,2.961,25.139999999999997,4.047,22.179999999999996,2.343,10.26,0.48,22.77333333333333,3.7289999999999996,21.959999999999997,2.8179999999999996,57,3.069
D,Tanganga,4.2,4.2,Spurs,18,1.314,27,1.056,10.796666666666667,1.409,10.203333333333333,0.955,4.32,0.137,12.199999999999998,1.645,11.386666666666665,1.2510000000000001,31,1.433
M,Lo Celso,5.9,5.9,Spurs,0,0,0,0,0,0,0,0,0,0,0,0,0,0,0,0
M,Skipp,4.4,4.4,Spurs,51,2.9619999999999997,58,1.735,21.813333333333333,2.049,22.33,1.848,9.18,0.256,20.333333333333332,1.9349999999999998,21.959999999999997,1.913,55,1.722
D,Rodon,4.2,4.2,Spurs,0,0,0,0,0,0,0,0,0,0,0.40666666666666673,0.056,0.40666666666666673,0.048,2,0.098
M,Ndombele,5.7,5.7,Spurs,0,0,0,0,0,0,0,0,0,0,0,0,0,0,0,0
G,Foster,4.1,4.0,Watford,89.5,6.853,48.35,3.446,46.8,3.448,47.3,3.477,29.4,1.186,46.2,3.32,47.3,3.719,82,3.503
D,Rose,4.2,4.2,Watford,0,0,0,0,0,0,0,0,0,0,0,0,0,0,0,0
M,Gosling,4.7,4.7,Watford,0,0,0,0,0,0,0,0,0,0,0,0,0,0,0,0
D,Cathcart,4.3,4.3,Watford,88.5,4.625,46.8,1.505,45.7,2.122,46.55,2.043,29.049999999999997,0.884,40.15,0.879,41.8,2.423,77,2.698
F,Deeney,5.4,5.4,Watford,0,0,0,0,0,0,0,0,0,0,0,0,0,0,0,0
M,Cleverley,4.8,4.8,Watford,22.5,2.1719999999999997,14.95,1.214,14.5,1.25,15.55,1.343,8.75,0.342,16.5,1.221,15.95,1.5530000000000002,29,1.401
D,Femenía,4.3,4.3,Watford,81.5,5.171,43.4,1.718,40.8,2.302,40.7,2.225,24.5,0.893,38.5,1.071,39.6,2.743,72,3.021
F,Gray,5.4,5.4,Watford,0,0,0,0,0,0,0,0,0,0,0,0,0,0,0,0
D,Kabasele,4.3,4.3,Watford,1.5,0.11599999999999999,1.65,0.09000000000000001,2.15,0.136,2.35,0.14300000000000002,1.75,0.047,2.2,0.09100000000000001,1.1,0.085,4,0.166
M,Chalobah,5.0,5.0,Watford,0,0,0,0,0,0,0,0,0,0,0,0,0,0,0,0
M,Hughes,4.7,4.7,Crystal Palace,54,4.071,40,1.746,42,1.551,40,1.338,13.649999999999999,0.445,42,1.562,36,1.418,36,1.404
D,Troost-Ekong,4.3,4.3,Watford,1,0.078,2.2,0.111,2.2,0.134,2.15,0.129,0.7,0.017,0.55,0.027999999999999997,1.65,0.115,2,0.084
F,Perica,4.5,4.5,Watford,0,0,0,0,0,0,0,0,0,0,0,0,0,0,0,0
G,Bachmann,4.2,4.2,Watford,0.5,0.04,1.15,0.08199999999999999,2.65,0.193,1.7,0.124,1.75,0.069,2.75,0.19699999999999998,2.2,0.17099999999999999,7,0.295
D,Masina,4.3,4.3,Watford,6.5,0.441,4.4,0.219,4.8,0.297,5.45,0.333,4.199999999999999,0.117,6.05,0.236,5.5,0.394,12,0.496
M,Sema,5.2,5.2,Watford,9.5,0.9470000000000001,7.1,0.627,8.65,0.795,7.7,0.7110000000000001,7,0.259,9.9,0.805,9.35,0.913,19,0.946
M,Zinckernagel,5.5,5.5,Watford,0,0,0,0,0,0,0,0,0,0,0,0,0,0,0,0
F,Success,5.0,5.0,Watford,0,0,0,0,0,0,0,0,0,0,0,0,0,0,0,0
M,Dele-Bashiru,4.5,4.5,Watford,0,0,0,0,0,0,0,0,0,0,0,0,0,0,0,0
F,Fletcher,4.8,4.8,Watford,1,0.10500000000000001,1.1,0.101,1.1,0.106,1.15,0.11,1.0499999999999998,0.039,1.65,0.14400000000000002,1.65,0.186,3,0.178
D,Sierralta,4.3,4.3,Watford,1.5,0.12,2.15,0.11,3.4,0.196,2.85,0.166,1.4,0.036,0.55,0.027999999999999997,1.1,0.084,3,0.127
M,Quina,4.5,4.5,Watford,0,0,0,0,0,0,0,0,0,0,0,0,0,0,0,0
D,Navarro,4.0,4.0,Watford,0,0,0,0,0,0,0,0,0,0,0,0,0,0,0,0
M,Sarr,5.7,5.7,Watford,69,5.959,38,2.761,37.85,3.048,36.65,3.001,22.049999999999997,1.04,33.55,2.234,35.2,3.429,62,2.977
D,Ngakia,4.3,4.3,Watford,4,0.24,2.75,0.138,3.3,0.193,3.9,0.231,3.5,0.072,4.95,0.23500000000000001,5.5,0.397,10,0.409
D,Wilmot,4.5,4.5,Watford,0,0,0,0,0,0,0,0,0,0,0,0,0,0,0,0
M,Hungbo,4.5,4.5,Watford,0,0,0,0,0,0,0,0,0,0,0,0,0,0,0,0
M,Louza,5.2,5.2,Watford,15.5,1.44,10.5,0.8270000000000001,13.1,1.048,11.05,0.909,7.699999999999999,0.251,11,0.8230000000000001,13.75,1.22,22,0.994
F,João Pedro,5.4,5.4,Watford,53.5,4.827,27.8,2.165,28.45,2.38,28.65,2.451,16.799999999999997,0.777,27.5,1.976,25.3,2.603,54,2.577
M,Baah,4.3,4.3,Watford,0,0,0,0,0,0,0,0,0,0,0.55,0.043000000000000003,0,0,0,0
M,Noble,4.4,4.4,West Ham,3,0.129,7,0.353,11,0.489,11,0.586,2.16,0.053,14,0.731,11,0.549,13,0.697
G,Randolph,4.3,4.3,West Ham,0,0,0,0,0,0,1,0.044,0,0,2,0.09,1,0.045,0,0
G,Fabianski,5.0,5.0,West Ham,90,3.964,89,4.033,89,3.136,88,3.754,16.02,0.602,85,3.711,86,3.707,88,4.094
D,Ogbonna,4.9,4.9,West Ham,0,0,0,0,0,0,0,0,0,0,0,0,0,0,0,0
D,Reid,3.9,3.9,West Ham,0,0,0,0,0,0,0,0,0,0,0,0,0,0,0,0
D,Cresswell,5.3,5.3,West Ham,87,4.316,79,3.942,79,1.557,76,3.517,12.959999999999999,0.406,73,3.607,71,3.185,75,4.096
M,Yarmolenko,5.1,5.1,West Ham,3,0.195,3,0.175,6,0.298,8,0.522,1.26,0.04,8,0.548,7,0.4,11,0.747
F,Antonio,7.8,7.7,West Ham,85,4.608,84,3.921,82,2.819,78,4.004,14.399999999999999,0.58,81,4.287,79,3.542,74,4.101
D,Dawson,4.9,4.9,West Ham,87,3.85,82,3.647,79,1.36,78,3.198,13.68,0.382,76,3.3,69,2.746,73,3.572
D,Fredericks,4.4,4.4,West Ham,2,0.088,6,0.267,6,0.188,4,0.172,1.6199999999999999,0.023,10,0.461,9,0.388,9,0.432
M,Lanzini,5.8,5.8,West Ham,72,4.129,67,3.438,67,2.456,65,3.496,11.7,0.474,65,3.611,62,3.014,64,3.679
D,Masuaku,4.4,4.4,West Ham,1,0.045,6,0.275,5,0.159,9,0.398,2.16,0.035,12,0.557,11,0.482,12,0.593
D,Coufal,4.8,4.8,West Ham,83,3.744,79,3.601,75,1.372,77,3.207,13.5,0.384,71,3.174,73,2.957,75,3.697
M,Benrahma,5.9,5.9,West Ham,50,3.065,48,2.676,49,2,53,3.077,9.18,0.381,51,3.078,52,2.7,47,2.951
M,Bowen,7.0,6.7,West Ham,86,5.559,83,4.706,79,3.054,78,4.753,13.86,0.64,77,4.902,78,4.146,77,5.085
M,Rice,5.1,5.1,West Ham,88,2.919,86,2.711,83,2.076,83,2.646,14.58,0.402,80,2.635,78,2.389,79,2.726
M,Soucek,5.7,5.7,West Ham,88,3.692,84,3.249,82,2.342,82,3.263,14.58,0.477,79,3.283,81,2.943,80,3.466
M,Fornals,6.0,6.0,West Ham,53,2.723,55,2.564,59,2.046,56,2.69,9.9,0.357,54,2.707,58,2.529,57,2.939
D,Diop,4.3,4.3,West Ham,45,1.923,34,1.511,39,0.713,41,1.636,7.199999999999999,0.188,40,1.684,43,1.673,38,1.807
D,Johnson,4.0,4.0,West Ham,9,0.397,13,0.582,17,0.441,16,0.688,2.6999999999999997,0.053,16,0.716,18,0.761,15,0.72
M,Moutinho,4.9,4.9,Wolves,40.5,2.8209999999999997,32.7,2.253,35.6,2.738,37.55,2.696,66,2.659,35.2,2.693,35.2,2.584,64,1.902
G,Patrício,5.0,5.0,Wolves,0,0,0,0,0,0,0,0,0,0,0,0,0,0,0,0
D,Boly,4.9,4.9,Wolves,1,0.08299999999999999,3.4,0.232,7.45,0.633,7.85,0.586,17,0.724,9.35,0.7829999999999999,12.1,0.954,19,0.481
D,Coady,4.7,4.7,Wolves,88.5,5.609999999999999,46.75,2.8960000000000004,46.85,3.865,45.1,3.181,80,3.192,43.45,3.494,43.45,3.156,80,1.713
F,Jiménez,7.4,7.4,Wolves,82.5,7.927,44,4.085,43.95,4.745,42.85,4.328,76,4.544,41.8,4.6000000000000005,42.9,4.413,75,2.761
D,Saïss,5.0,5.0,Wolves,89,6.1419999999999995,47.25,3.151,46.2,4.249,45.65,3.5130000000000003,82,3.708,46.75,4.1659999999999995,44,3.5460000000000003,78,1.743
D,Marçal,4.2,4.2,Wolves,16,1.213,6.05,0.43800000000000006,6.15,0.539,8.4,0.673,14,0.637,9.35,0.821,9.9,0.815,18,0.54
D,Jonny,4.5,4.5,Wolves,8,0.5780000000000001,18.9,1.359,18.45,1.722,18.9,1.5219999999999998,36,1.663,16.5,1.5070000000000001,17.6,1.472,34,0.925
M,Dendoncker,4.7,4.7,Wolves,69.5,4.8740000000000006,34.05,2.351,29.55,2.326,31.05,2.287,58,2.372,31.9,2.471,34.1,2.518,58,1.754
M,Traoré,5.6,5.6,Wolves,0,0,0,0,0,0,0,0,0,0,0,0,0,0,0,0
M,Neves,5.3,5.3,Wolves,81.5,5.384,41.75,2.707,41.7,3.044,39.6,2.732,71,2.75,39.6,2.905,38.5,2.694,71,1.983
D,Semedo,4.8,4.8,Wolves,87.5,6.202,45.25,3.145,43.95,4.147,43.4,3.431,76,3.486,41.8,3.824,41.8,3.455,75,1.802
M,Podence,5.5,5.5,Wolves,61.5,5.763,24.4,2.226,24.75,2.531,23.2,2.242,40,2.224,23.1,2.3760000000000003,21.45,2.1430000000000002,39,1.564
D,Kilman,4.5,4.5,Wolves,89,5.727,48.3,3.0140000000000002,45.8,3.903,46.05,3.3009999999999997,85,3.472,44,3.621,42.9,3.186,79,1.69
M,Gibbs-White,4.5,4.5,Wolves,0,0,0,0,0,0,0,0,0,0,0,0,0,0,0,0
M,Neto,6.4,6.4,Wolves,0,0,1.15,0.112,5.75,0.629,11.25,1.154,29,1.727,16.5,1.789,17.05,1.793,31,1.274
M,Otasowie,4.5,4.5,Wolves,0,0,0,0,0,0,0,0,0,0,0,0,0,0,0,0
D,Hoever,3.9,3.9,Wolves,2.5,0.193,3.75,0.268,4.5,0.375,4.55,0.346,12,0.526,6.05,0.538,6.05,0.475,13,0.406
G,Söndergaard,3.9,3.9,Wolves,0,0,0,0,0,0,0,0,0,0,0,0,0,0,0,0
F,Fabio Silva,5.6,5.6,Wolves,7,0.765,3.8,0.39,3.25,0.364,2.75,0.28800000000000003,7,0.436,4.4,0.506,4.4,0.48200000000000004,9,0.436
D,Mosquera,4.4,4.4,Wolves,0,0,0.1,0.006,0.55,0.05,1.1,0.09000000000000001,1,0.048,1.1,0.097,1.65,0.132,3,0.094
F,Welbeck,5.9,5.9,Brighton,29,1.603,30,1.644,17.315,1.763,16.485,1.483,3.3000000000000003,0.091,19.98,2.173,19.425,1.6889999999999998,33,1.496
G,Gunn,4.0,4.0,Norwich,82,2.935,53,1.974,11.135,0.974,2.03,0.152,0.32,0.011,1.635,0.124,1.635,0.14400000000000002,5,0.179
M,Rashica,5.2,5.2,Norwich,70,2.281,72,2.883,33.02,3.055,31.96,2.749,9.92,0.339,33.79,2.7140000000000004,33.245,3.2880000000000003,60,2.23
F,Dennis,6.1,6.1,Watford,77.5,6.152,41.1,2.782,40.1,2.9530000000000003,38.2,2.918,25.2,1.085,38.5,2.399,39.05,3.481,69,2.94
D,Collins,4.3,4.3,Burnley,2.5,0.192,3,0.321,3.216666666666667,0.24199999999999997,2.9933333333333336,0.28800000000000003,3.5,0.1,4.066666666666666,0.25,4.473333333333334,0.45400000000000007,12,0.309
G,Ruddy,4.3,4.3,Wolves,0,0,0,0,0.55,0.049999999999999996,0.6,0.052000000000000005,3,0.133,0,0,0.55,0.047999999999999994,2,0.074
M,Fernandinho,4.8,4.8,Man City,11,0.5,13,0.582,15,0.665,13,0.565,1.2000000000000002,0.033,17,0.763,16,0.648,15,0.643
D,Pollock,4.0,4.0,Watford,0,0,0,0,0,0,0,0,0,0,0,0,0,0,0,0
F,Daka,7.2,7.2,Leicester,69,3.099,64,3.321,15.305,3.615,12.9,2.3049999999999997,44,2.554,16.52,2.338,15.339999999999998,2.639,40,2.216
D,Gibson,4.4,4.4,Norwich,88,0.876,87,2.058,43.29,3.2009999999999996,42.745,2.065,12.32,0.236,44.145,2.2279999999999998,43.055,3.243,78,1.312
D,Giannoulis,4.4,4.4,Norwich,2,0.05,6,0.204,4.59,0.381,3.635,0.244,1.44,0.017,2.725,0.18,4.36,0.358,9,0.253
M,Soumaré,4.8,4.8,Leicester,39,1.412,39,1.456,11.084999999999999,1.649,11.275,1.4739999999999998,43,1.625,14.553333333333333,1.446,14.946666666666667,1.618,36,1.322
M,Mata,4.7,4.7,Man Utd,0,0,2,0.109,1,0.042,2,0.1,0.4,0.007,3,0.161,3,0.15,3,0.164
D,Perraud,4.8,4.8,Southampton,76,3.254,70,3.639,38.795,2.586,40.85,4.046,34.5,1.397,39.96,2.717,38.85,2.176,68,2.245
M,Trincão,5.6,5.6,Wolves,44.5,4.297,21.6,1.9289999999999998,17.4,1.8090000000000002,17.5,1.716,29,1.639,14.85,1.581,15.95,1.604,32,1.332
M,Mwepu,5.9,5.9,Brighton,10,0.48,18,0.841,15.65,1.34,16.76,1.278,3.4000000000000004,0.08,16.095,1.5570000000000002,17.76,1.322,33,1.29
D,Firpo,4.7,4.7,Leeds,26.5,1.516,17,1.272,17.8,1.201,13.85,1.3539999999999999,29,1.104,15.95,1.334,15.4,1.295,33,0.976
M,Olise,5.4,5.4,Crystal Palace,51,4.541,48,2.482,51,2.132,48,1.781,16.45,0.67,50,2.139,46,2.012,46,2.043
D,Fernández,4.3,4.3,Newcastle,0,0,1,0.035,1.0333333333333332,0.088,2.106666666666667,0.137,2.4499999999999997,0.062,3.66,0.29200000000000004,3.253333333333334,0.34,9,0.325
D,Tavares,4.3,4.3,Arsenal,3,0.302,0,0,3.016666666666667,0.355,3.01,0.37200000000000005,6,0.257,2.065,0.328,2.065,0.36200000000000004,11,0.476
M,Etebo,4.3,4.3,Watford,15,1.3,10.95,0.8290000000000001,11.8,0.9179999999999999,15,1.135,9.1,0.286,15.95,1.068,14.85,1.206,23,0.978
F,King,5.9,5.8,Watford,85.5,6.918,45.1,3.094,43.9,3.3040000000000003,42.45,3.343,26.599999999999998,1.214,40.7,2.637,41.25,3.896,76,3.379
F,Mebude,4.5,4.5,Watford,0,0,0,0,0,0,0,0,0,0,0,0,0,0,0,0
D,Ait Nouri,4.4,4.4,Wolves,66.5,5.2059999999999995,26.1,1.986,26,2.6100000000000003,23.85,2.047,45,2.215,25.85,2.506,24.2,2.148,44,1.198
M,Lees-Melou,4.8,4.8,Norwich,59,1.741,58,2.006,28.72,2.21,27.235,1.938,7.68,0.21,28.34,1.924,28.884999999999998,2.3,51,1.637
F,Cucho,5.0,5.0,Watford,6.5,0.717,3.95,0.384,4.4,0.459,6,0.624,3.5,0.149,7.15,0.633,6.6,0.78,11,0.635
D,Bertrand,4.6,4.6,Leicester,0,0,0,0,0,0,0,0,0,0,0,0,0,0,0,0
D,Ward,4.5,4.5,Crystal Palace,89,5.268,85,3.631,85,2.696,83,1.469,29.049999999999997,0.899,83,2.369,81,2.122,81,2.425
G,Sá,5.2,5.2,Wolves,90,7.416,48.95,4.017,47.8,4.418,48.4,4.195,86,3.861,47.85,4.357,47.85,4.239,86,3.193
G,Scherpen,4.5,4.5,Brighton,0,0,0,0,0,0,0,0,0,0,0,0,0,0,0,0
D,Guéhi,4.5,4.5,Crystal Palace,89,5.409000000000001,85,3.772,82,2.71,82,1.511,29.049999999999997,0.931,81,2.396,80,2.171,82,2.524
M,Sambi Lokonga,4.8,4.8,Arsenal,7.5,0.722,0,0,6.216666666666666,0.7240000000000001,5.8999999999999995,0.7320000000000001,14,0.616,4.13,0.648,5.6049999999999995,0.907,16,0.68
M,Onyeka,4.9,4.9,Brentford,43,1.489,39,1.61,33,1.348,31,1.34,36,1.359,33,1.139,34,1.339,34,1.365
G,Hennessey,4.5,4.5,Burnley,0,0,0,0,0.40666666666666673,0.04499999999999999,0.7399999999999999,0.09000000000000001,0.5,0.02,0.8133333333333335,0.08899999999999998,0.8133333333333335,0.102,3,0.111
G,Begović,4.0,4.0,Everton,0,0,1,0.036,0.0975,0.016,0.2775,0.048999999999999995,0,0,0.6550000000000001,0.09999999999999999,0,0,2,0.084
M,Townsend,5.2,5.2,Everton,14,0.709,8,0.391,3.105,0.6010000000000001,2.8825000000000003,0.5980000000000001,2.8,0.109,4.585,0.8470000000000001,3.275,0.6480000000000001,11,0.631
D,Ajer,4.4,4.4,Brentford,88,1.927,65,2.626,59,2.291,58,2.536,59,1.637,62,1.067,60,1.985,61,2.28
M,Gray,5.5,5.5,Everton,17,0.914,60,2.186,21.132500000000004,3.629,20.997500000000002,4.137,24.15,1.17,20.304999999999996,3.621,21.2875,3.8819999999999997,64,3.241
M,Sancho,8.9,8.9,Man Utd,74,4.265,72,4.926,66,2.526,66,3.75,13,0.507,61,3.928,62,3.523,57,3.886
G,Gollini,4.3,4.3,Spurs,0,0,0,0,0.03666666666666667,0.005,0.07333333333333333,0.009000000000000001,0.18,0.008,0.40666666666666673,0.054,0,0,1,0.045
M,Bryan,5.7,5.7,Spurs,0,0,0,0,0,0,0,0,0,0,0,0,0,0,0,0
D,Andersen,4.5,4.5,Crystal Palace,88.5,5.48,85,3.84,84,2.781,82,1.519,28,0.913,82,2.448,78,2.179,79,2.484
G,Areola,4.7,4.7,West Ham,0,0,1,0.046,1,0.036,0,0,0.18,0.007,3,0.133,3,0.131,2,0.094
G,Klaesson,4.3,4.3,Leeds,0,0,0.6,0.047,0.55,0.040999999999999995,0.6,0.053,1,0.039,1.1,0.089,1.1,0.091,3,0.109
D,Livramento,4.3,4.1,Southampton,49,2.016,53,2.63,28.085,1.776,26.915,2.539,25.5,0.971,24.42,1.595,26.64,1.425,49,1.517
M,Bailey,6.3,6.3,Aston Villa,13,0.846,10.566666666666666,1.625,11.363333333333332,2.018,12.986666666666666,1.946,34,1.769,12.1,1.838,12.906666666666668,2.0989999999999998,29,1.393
D,Clyne,4.3,4.3,Crystal Palace,0.5,0.024,2,0.07,3,0.087,4,0.084,0.7,0.013,4,0.112,3,0.08,3,0.086
D,Romero,4.8,4.8,Spurs,86.5,4.719,81,2.662,32.42333333333333,3.9499999999999997,31.16333333333333,2.445,14.219999999999999,0.518,31.72,3.925,31.313333333333333,3.0119999999999996,71,2.993
M,Kucka,5.5,5.5,Watford,29.5,2.4370000000000003,18,1.272,18.25,1.357,19.8,1.4560000000000002,14.7,0.501,22.55,1.417,20.9,1.6900000000000002,39,1.606
M,Ramsey,4.4,4.4,Aston Villa,0,0,0,0,0,0,0,0,0,0,0,0,0,0,0,0
M,Philogene-Bidace,5.0,5.0,Aston Villa,0,0,0,0,0,0,0,0,0,0,0,0,0,0,0,0
D,Thompson,4.4,4.4,Brentford,0,0,0,0,0,0,0,0,0,0,0,0,0,0,0,0
M,Baptiste,4.9,4.9,Brentford,21,0.884,23,1.09,24,1.079,25,1.194,24,1.023,26,0.983,24,1.054,26,1.146
F,Andone,5.0,5.0,Brighton,0,0,0,0,0,0,0,0,0,0,0,0,0,0,0,0
D,Sarr,4.9,4.9,Chelsea,26,1.2,0,0,11.5,1.634,13.21,1.394,3.68,0.174,13.26,1.4509999999999998,14.79,1.323,25,1.121
D,Kenny,4.4,4.4,Everton,8,0.27,8,0.203,3.2650000000000006,0.37700000000000006,3.15,0.478,3.15,0.085,3.275,0.38800000000000007,3.6025000000000005,0.44700000000000006,13,0.54
M,Gordon,4.5,4.5,Everton,55,2.523,39,1.555,10.907499999999999,1.9349999999999998,11.3625,2.203,13.299999999999999,0.584,10.807500000000001,1.942,12.445,2.2600000000000002,38,1.953
M,Gbamin,4.4,4.4,Everton,1,0.046,1,0.044,0.2775,0.047,0,0,0.35,0.009,0,0,0.32750000000000007,0.051000000000000004,0,0
M,Dewsbury-Hall,4.4,4.4,Leicester,69,2.394,61,2.327,16.9925,2.717,17.77,2.283,66,2.625,25.173333333333336,2.462,22.813333333333333,2.643,54,2.031
M,Elliott,5.3,5.3,Liverpool,1,0.122,0,0,4,0.238,2.54,0.25,0.8,0.025,3.675,0.488,3.675,0.34800000000000003,5,0.288
M,Palmer,4.5,4.5,Man City,0,0,1,0.058,1,0.056,1,0.054,0.2,0.006,3,0.178,2,0.104,3,0.162
M,Edozie,4.7,4.7,Man City,1,0.054,0,0,0,0,1,0.053,0.1,0.002,1,0.054,1,0.05,2,0.102
G,Heaton,3.9,3.9,Man Utd,0,0,0,0,1,0.036,0,0,0.2,0.007,0,0,0,0,2,0.1
D,Dalot,4.6,4.6,Man Utd,86,3.24,75,4.047,74,1.424,70,2.91,14.600000000000001,0.301,70,3.143,69,2.828,66,3.667
M,Pereira,5.0,5.0,Man Utd,0,0,0,0,0,0,0,0,0,0,0,0,0,0,0,0
M,Elanga,4.8,4.8,Man Utd,25,1.481,25,1.713,26,1.15,28,1.604,5.6000000000000005,0.184,32,1.978,34,1.898,32,2.095
G,Woodman,4.3,4.3,Newcastle,0,0,0,0,0,0,0,0,0,0,0,0,0,0,0,0
G,Gillespie,3.9,3.9,Newcastle,0,0,0,0,0.37000000000000005,0.046,0.03666666666666667,0.004,0.7,0.029,0.40666666666666673,0.045,0.40666666666666673,0.052000000000000005,1,0.04
D,Mumba,3.9,3.9,Norwich,0,0,0,0,0,0,0,0,0,0,0,0,0,0,0,0
F,Sargent,5.4,5.4,Norwich,64,2.013,64,2.327,31.9,2.451,32.415,2.386,9.28,0.277,32.7,2.28,32.7,2.634,56,1.897
M,Elyounoussi,5.4,5.4,Southampton,46,2.392,55,3.082,28.36,2.5940000000000003,29.805,3.366,25,1.155,29.415,2.819,29.97,2.4859999999999998,52,2.346
F,Broja,5.3,5.3,Southampton,75,4.124,75,4.307,38.295,3.6500000000000004,36.185,4.363,34.5,1.715,36.075,3.718,34.41,2.9850000000000003,68,3.172
F,Long,5.4,5.4,Southampton,5,0.304,6,0.378,3.775,0.40800000000000003,3.83,0.47600000000000003,3.5,0.154,4.44,0.502,4.995,0.505,7,0.391
F,Scarlett,4.5,4.5,Spurs,1,0.11699999999999999,3,0.201,0.8866666666666667,0.16399999999999998,1.7000000000000002,0.269,0.72,0.029,2.44,0.48300000000000004,1.626666666666667,0.281,4,0.264
D,Alves,4.0,4.0,West Ham,0,0,0,0,0,0,0,0,0,0,0,0,0,0,0,0
M,Coventry,4.5,4.5,West Ham,0,0,0,0,0,0,0,0,0,0,0,0,0,0,0,0
F,Cutrone,5.0,5.0,Wolves,0,0,0,0,0,0,0,0,0,0,0,0,0,0,0,0
M,Wissa,5.8,5.8,Brentford,39,1.817,18,1.209,18,1.096,18,1.188,20,1.134,19,0.888,25,1.462,23,1.38
F,A.Armstrong,5.7,5.7,Southampton,15,1.056,14,1.012,9.77,1.1380000000000001,10.545,1.4680000000000002,10,0.525,10.545,1.307,13.32,1.37,17,1.015
M,Chukwuemeka,4.5,4.5,Aston Villa,9,0.453,1.9000000000000001,0.231,3.1566666666666663,0.41700000000000004,3.893333333333334,0.48700000000000004,8,0.361,3.226666666666667,0.395,2.0166666666666666,0.24600000000000002,5,0.216
D,Chalobah,4.7,4.7,Chelsea,11,0.516,0,0,4.733333333333333,0.628,4.59,0.464,1.76,0.06,5.61,0.593,6.12,0.576,14,0.667
M,Tzolis,4.8,4.8,Norwich,13,0.571,10,0.492,6.725,0.6890000000000001,8.195,0.799,2.72,0.069,7.63,0.6940000000000001,7.085,0.733,17,0.764
F,Lukaku,11.5,11.5,Chelsea,85,5.1,0,0,40.53333333333333,7.834,40.29,6.218,12.32,0.821,39.27,5.5680000000000005,38.25,4.8500000000000005,76,5.128
F,Balogun,4.7,4.7,Arsenal,0,0,0,0,0,0,0,0,0,0,0,0,0,0,0,0
M,Nelson,5.0,5.0,Arsenal,0,0,0,0,0,0,0,0,0,0,0,0,0,0,0,0
G,Hein,4.0,4.0,Arsenal,0,0,0,0,0,0,0,0,0,0,0,0,0,0,0,0
F,Richardson,4.4,4.4,Burnley,0,0,0,0,0,0,0,0,0,0,0,0,0,0,0,0
D,Thomas,3.9,3.9,Burnley,0,0,1,0.077,0.37000000000000005,0.023,0.7766666666666667,0.059000000000000004,1.5,0.032,0.40666666666666673,0.020999999999999998,0.40666666666666673,0.032,1,0.023
F,Zeqiri,4.5,4.5,Brighton,0,0,0,0,0,0,0,0,0,0,0,0,0,0,0,0
D,Karbownik,4.0,4.0,Brighton,0,0,0,0,0,0,0,0,0,0,0,0,0,0,0,0
M,Richards,4.5,4.5,Brighton,0,0,0,0,0,0,0,0,0,0,0,0,0,0,0,0
M,Caicedo,4.5,4.5,Brighton,0,0,0,0,0,0,0,0,0,0,0,0,0,0,0,0
D,Emerson,4.5,4.5,Chelsea,0,0,0,0,0,0,0,0,0,0,0,0,0,0,0,0
D,Hannam,3.9,3.9,Crystal Palace,0.5,0.024,1,0.034,5,0.146,3,0.062,1.4,0.027,3,0.082,4,0.107,4,0.114
M,Rak-Sakyi,4.4,4.4,Crystal Palace,0,0,0,0,0,0,0,0,0,0,0,0,1,0.048,1,0.048
F,Street,4.5,4.5,Crystal Palace,0,0,0,0,0,0,0,0,0,0,0,0,0,0,0,0
M,Banks,4.5,4.5,Crystal Palace,0,0,0,0,0,0,0,0,0,0,0,0,1,0.048,0,0
D,Branthwaite,4.0,4.0,Everton,71,2.024,70,1.227,18.495,1.901,14.250000000000002,2.2239999999999998,13.299999999999999,0.461,10.807500000000001,1.2810000000000001,10.480000000000002,1.3030000000000002,28,1.108
F,Broadhead,4.5,4.5,Everton,0,0,0,0,0,0,0,0,0,0,0,0,0,0,0,0
D,Valery,3.9,3.9,Southampton,4,0.154,6,0.267,3.83,0.251,3.94,0.33,4,0.119,4.44,0.29500000000000004,5.55,0.326,8,0.272
M,Cundle,4.4,4.4,Wolves,6,0.523,1.1,0.081,1.1,0.083,1.1,0.082,2,0.084,1.1,0.083,2.2,0.17400000000000002,3,0.118
M,Campbell,4.4,4.4,Wolves,1,0.095,0.5,0.047,0.55,0.051000000000000004,0.55,0.05,0,0,0.55,0.051000000000000004,0.55,0.05,1,0.045
D,Marques,4.0,4.0,Wolves,0,0,0,0,0,0,0,0,0,0,0,0,0,0,0,0
F,Greenwood,4.5,4.5,Leeds,0,0,0,0,0,0,0,0,0,0,0,0,0,0,0,0
M,Summerville,4.5,4.5,Leeds,4.5,0.412,2.15,0.199,1.65,0.151,1.1,0.107,2,0.091,1.1,0.106,1.1,0.10300000000000001,2,0.09
M,Forshaw,4.5,4.5,Leeds,36.5,2.547,20.35,1.4600000000000002,18.1,1.318,17.6,1.4749999999999999,29,1.115,17.05,1.367,15.4,1.247,32,1.156
M,Woodburn,4.5,4.5,Liverpool,0,0,0,0,0,0,0,0,0,0,0,0,0,0,0,0
D,Baptiste,4.0,4.0,West Ham,0,0,0,0,0,0,2,0.064,0.18,0.002,1,0.032,2,0.062,1,0.035
D,Varane,5.5,5.5,Man Utd,89,3.264,85,4.291,83,1.531,82,3.212,15.8,0.326,80,3.366,80,3.087,73,3.805
G,Fernández,4.5,4.5,Brentford,0,0,0,0,0,0,2,0.093,1,0.038,1,0.036,2,0.082,2,0.086
M,Tufan,5.0,5.0,Watford,0,0,0,0,0,0,0,0,0,0,0,0,0,0,0,0
M,Ødegaard,5.5,5.5,Arsenal,78.5,8.209,0,0,39.843333333333334,5.5600000000000005,31.316666666666666,4.873,73,3.438,21.24,3.876,20.945,4.178,67,3.288
G,Ramsdale,5.1,5.1,Arsenal,90,8.828,0,0,47.596666666666664,6.166,37.56666666666666,4.88,88,3.761,25.664999999999996,4.408,25.664999999999996,4.712,86,3.682
D,Roberts,3.9,3.9,Brighton,1,0.05,3,0.13,1.11,0.09000000000000001,1.665,0.10500000000000001,0.4,0.003,2.775,0.249,3.33,0.201,4,0.134
G,Matthews,3.9,3.9,Crystal Palace,0,0,1,0.047,0,0,0,0,0,0,0,0,1,0.039,0,0
D,Drameh,3.9,3.9,Leeds,0,0,0,0,0,0,0,0,0,0,0,0,0,0,0,0
D,Cresswell,4.0,4.0,Leeds,7,0.288,3.9,0.21100000000000002,3.7,0.185,2.15,0.148,2,0.053,1.65,0.095,1.1,0.062,4,0.088
F,Kean,6.0,6.0,Everton,0,0,0,0,0,0,0,0,0,0,0,0,0,0,0,0
D,Dodgson,3.9,3.9,Burnley,0,0,0.3333333333333333,0.027,0,0,0.7399999999999999,0.058,1.5,0.031,0.8133333333333335,0.041,1.626666666666667,0.134,3,0.069
M,Doyle,4.5,4.5,Man City,0,0,0,0,0,0,0,0,0,0,0,0,0,0,0,0
D,Lyanco,4.4,4.4,Southampton,0,0,0,0,0,0,0,0,0,0,0,0,0.555,0.031,7,0.222
F,Archer,4.5,4.5,Aston Villa,0,0,0,0,0,0,0,0,0,0,0,0,0,0,0,0
D,Stevens,3.9,3.9,Brentford,0,0,1,0.044,0,0,1,0.045,0,0,2,0.059,0,0,1,0.041
D,Nkounkou,4.0,4.0,Everton,0,0,0,0,0,0,0,0,0,0,0,0,0,0,0,0
G,Lonergan,4.0,4.0,Everton,0,0,0,0,0.035,0.006,0.30500000000000005,0.05399999999999999,0.35,0.015,0.32750000000000007,0.05099999999999999,0.32750000000000007,0.052,2,0.084
G,Okonkwo,3.9,3.9,Arsenal,0,0,0,0,0,0,0.37000000000000005,0.048,0,0,0,0,0.29500000000000004,0.054000000000000006,2,0.084
G,Jakupovic,4.0,4.0,Leicester,0,0,1,0.042,0.005,0.001,0.02,0.003,1,0.044,0.39333333333333337,0.043,0,0,1,0.039
G,Elliot,4.0,4.0,Watford,0,0,0,0,0,0,0,0,0,0,0,0,0,0,0,0
M,Lennon,4.9,4.9,Burnley,69,4.782,36,4.045,20,2.032,18.853333333333335,2.08,23.5,0.847,19.926666666666666,1.917,19.926666666666666,2.2479999999999998,47,1.663
M,McCarron,4.4,4.4,Leeds,0,0,0.55,0.044000000000000004,0.05,0.002,0,0,0,0,0.55,0.045,0.55,0.045,0,0
F,Gelhardt,4.6,4.6,Leeds,3,0.298,2.25,0.22699999999999998,1.1,0.11,1.05,0.115,3,0.147,1.1,0.117,0.55,0.056,2,0.095
M,Cornet,5.9,5.9,Burnley,74.5,6.045,45.333333333333336,5.752,27.913333333333338,3.0279999999999996,26.986666666666668,3.2600000000000002,31.5,1.38,25.213333333333328,2.5999999999999996,25.620000000000005,3.2760000000000002,64,2.384
F,Ronaldo,12.5,12.5,Man Utd,72,5.026,67,5.614,67,2.8,66,4.454,12.600000000000001,0.568,63,4.97,66,4.431,69,5.603
D,Kabak,4.3,4.3,Norwich,1,0.014,3,0.074,2.56,0.165,3.06,0.156,0.8,0.007,1.635,0.079,3.815,0.256,9,0.188
M,Normann,4.5,4.5,Norwich,33,1.068,33,1.185,17.07,1.2859999999999998,15.45,1.108,4.8,0.108,20.165,1.339,18.53,1.383,34,1.117
M,Vlasic,5.6,5.6,West Ham,9,0.561,11,0.643,11,0.537,15,0.927,2.52,0.082,16,1.025,16,0.917,17,1.149
F,Hwang,5.4,5.4,Wolves,38,3.501,36.3,2.8489999999999998,37.95,3.2950000000000004,36.15,3.0060000000000002,65,3.084,34.65,3.107,31.9,2.776,62,2.115
D,Cucurella,5.1,5.1,Brighton,86,4.449,83,3.662,45.065,3.528,44.345,2.348,7.7,0.116,42.735,4.5760000000000005,41.07,2.3779999999999997,74,2.219
D,Roberts,4.5,4.5,Burnley,59,3.721,37.666666666666664,3.626,23.179999999999996,1.7109999999999999,23.326666666666668,2.412,28.5,1.011,23.99333333333333,1.436,22.77333333333333,2.5420000000000003,57,1.449
F,Edouard,6.5,6.5,Crystal Palace,55,5.631,53,3.263,56,2.669,52,2.122,18.549999999999997,0.947,51,2.631,53,2.76,52,2.762
M,Lookman,6.0,6.0,Leicester,48,2.158,48,2.421,12.962499999999999,2.83,12.415,2.088,46,2.467,19.666666666666668,2.4730000000000003,16.91333333333333,2.6189999999999998,43,2.138
D,Emerson Royal,4.9,4.9,Spurs,40,2.875,33,1.408,16.453333333333333,2.431,15.709999999999999,1.563,6.66,0.273,14.233333333333334,2.1470000000000002,14.233333333333334,1.716,31,1.574
M,Kral,4.4,4.4,West Ham,1,0.04,4,0.155,3,0.106,4,0.158,1.26,0.026,7,0.281,8,0.306,8,0.33
D,Tomiyasu,4.6,4.6,Arsenal,50.5,5.026,0,0,42.193333333333335,4.861000000000001,33.31,4.061999999999999,78,2.905,22.715,3.395,22.125,3.92,70,2.653
F,Rondón,6.0,6.0,Everton,5,0.298,3,0.148,0.9375,0.18800000000000003,0.9875,0.20900000000000002,1.0499999999999998,0.042,1.3100000000000003,0.266,1.6375,0.342,4,0.25
M,Saúl,4.9,4.9,Chelsea,6,0.292,0,0,5.386666666666667,0.779,5.09,0.577,1.76,0.054,7.14,0.786,5.61,0.577,15,0.793
G,Carson,3.9,3.9,Man City,0,0,0,0,0,0,1,0.05,0,0,1,0.052,1,0.045,0,0
D,Zanka,4.5,4.5,Brentford,0,0,30,1.265,41,1.684,40,1.858,44,1.321,40,0.818,47,1.659,41,1.604
F,Locadia,4.4,4.4,Brighton,0,0,0,0,0,0,0,0,0,0,0,0,0,0,0,0
G,Sinisalo,4.0,4.0,Aston Villa,0,0,0.6666666666666666,0.079,0.03333333333333333,0.004,0.7366666666666667,0.085,1,0.039,0.8066666666666668,0.09999999999999999,0.8066666666666668,0.09799999999999999,3,0.109
M,Markanday,4.5,4.5,Spurs,0,0,0,0,0,0,0,0,0,0,0,0,0,0,0,0
D,Omole,3.9,3.9,Spurs,0,0,0,0,0,0,0,0,0,0,0.40666666666666673,0.037000000000000005,0.40666666666666673,0.030000000000000002,0,0
M,White,4.4,4.4,Newcastle,0,0,0,0,0,0,0,0,0,0,0,0,0,0,0,0
M,Kenneh,4.4,4.4,Leeds,0.5,0.045,0.55,0.05,0.5,0.048,0,0,0,0,0.55,0.051000000000000004,0.55,0.05,1,0.046
M,McKinstry,4.3,4.3,Leeds,0.5,0.045,0.05,0.002,0.05,0.002,0,0,1,0.046,0.55,0.051000000000000004,0.55,0.05,1,0.046
F,Simms,4.5,4.5,Everton,0,0,0,0,0,0,0,0,0,0,0,0,0,0,0,0
D,Mbete,3.9,3.9,Man City,1,0.035,0,0,0,0,2,0.071,0,0,1,0.037,1,0.031,2,0.072
D,Wilson-Esbrand,3.9,3.9,Man City,0,0,1,0.035,0,0,1,0.035,0,0,0,0,2,0.063,3,0.11
M,Lavia,4.4,4.4,Man City,1,0.054,1,0.054,1,0.053,1,0.053,0.1,0.002,1,0.054,1,0.05,1,0.051
G,Bettinelli,4.0,4.0,Chelsea,0,0,0,0,0,0,0,0,0,0,0,0,0,0,0,0
F,Dobbin,4.5,4.5,Everton,0,0,0,0,0,0,0,0,0,0,0,0,0,0,0,0
D,Hjelde,4.0,4.0,Leeds,3.5,0.152,1.7,0.083,1.65,0.07400000000000001,2.1,0.138,2,0.051,0.55,0.029,1.1,0.059000000000000004,2,0.042
M,Anderson,4.5,4.5,Newcastle,0,0,0,0,0,0,0,0,0,0,0,0,0,0,0,0
D,Bogarde,4.0,4.0,Aston Villa,1,0.034,0.3666666666666667,0.027,0.7733333333333334,0.063,0.4033333333333334,0.027000000000000003,1,0.026,0.8066666666666668,0.06,0.8066666666666668,0.06,3,0.063
G,Moulden,4.0,4.0,Wolves,0,0,0,0,0,0,0,0,0,0,0,0,0,0,0,0
M,Sarmiento,4.5,4.5,Brighton,0,0,0,0,0,0,0,0,0.1,0.001,0.555,0.053,0,0,1,0.046
M,Whitaker,4.5,4.5,Everton,0,0,0,0,0,0,0,0,0,0,0,0,0,0,0,0
M,Maghoma,4.5,4.5,Brentford,0,0,0,0,0,0,0,0,0,0,0,0,0,0,0,0
G,Slicker,4.0,4.0,Man City,0,0,0,0,1,0.048,0,0,0,0,0,0,0,0,0,0
G,Tyrer,4.0,4.0,Everton,0,0,0,0,0.055,0.01,0.0275,0.005,0.35,0.015,0.32750000000000007,0.05099999999999999,0.32750000000000007,0.052,2,0.084
D,Ashby,4.0,4.0,West Ham,0,0,1,0.033,0,0,0,0,0.18,0.002,1,0.032,3,0.095,1,0.035
D,Nkoulou,4.4,4.4,Watford,0,0,0,0,0,0,1,0.053,8.049999999999999,0.263,32.45,0.8200000000000001,31.35,1.9989999999999999,52,2.005
G,Cox,4.0,4.0,Brentford,0,0,0,0,0,0,0,0,0,0,0,0,0,0,0,0
M,Morton,4.5,4.5,Liverpool,0,0,0,0,0,0,0,0,0,0,0,0,0,0,0,0
G,Storer,4.0,4.0,Wolves,0,0,0.5,0.04,0.6,0.055,0.5,0.042,1,0.044,1.1,0.09899999999999999,1.1,0.09599999999999999,1,0.037
F,Tosun,5.0,5.0,Everton,0,0,0,0,0,0,0,0,0,0,0,0,0,0,0,0
D,Welch,4.0,4.0,Everton,1,0.025,3,0.056,1.16,0.101,0.605,0.068,0.35,0.006,0.6550000000000001,0.05600000000000001,0.32750000000000007,0.030000000000000006,0,0
M,Bate,4.5,4.5,Leeds,0.5,0.045,0.55,0.05,0.05,0.002,0.05,0.002,0,0,0.55,0.051000000000000004,0.55,0.05,1,0.046
M,Gordon,4.5,4.5,Liverpool,0,0,0,0,0,0,0,0,0,0,0,0,0,0,0,0
D,Bradley,4.0,4.0,Liverpool,0,0,0,0,1,0.034,1.09,0.07,0.2,0.004,0.525,0.038,0.525,0.024,2,0.065
D,Beck,4.0,4.0,Liverpool,0,0,0,0,0,0,0.18,0.006,0.2,0.004,1.05,0.077,1.05,0.048,2,0.065
M,Haygarth,4.5,4.5,Brentford,0,0,0,0,0,0,0,0,0,0,0,0,0,0,0,0
M,McAtee,4.4,4.4,Man City,0,0,0,0,0,0,0,0,0,0,0,0,0,0,0,0
M,Onyango,4.5,4.5,Everton,0,0,0,0,0,0,0,0,0,0,0,0,0,0,0,0
M,Jenkins,4.5,4.5,Leeds,1,0.093,0.5,0.048,0.05,0.002,0,0,1,0.046,0.55,0.051000000000000004,0.55,0.05,0,0
D,Jones,4.5,4.5,Man Utd,0,0,0,0,0,0,0,0,0,0,2,0.091,0,0,1,0.053
D,Morris,4.0,4.0,Watford,0,0,0,0,0,0,0,0,0.35,0.006,0.55,0.013999999999999999,0.55,0.028,1,0.03
M,Perkins,4.5,4.5,West Ham,1,0.051,2,0.096,2,0.09,1,0.05,0.36,0.007,2,0.101,3,0.143,2,0.102
D,Bueno,4.0,4.0,Wolves,0,0,0,0,0,0,0,0,0,0,0,0,0,0,0,0
M,Diallo,5.0,5.0,Man Utd,0,0,0,0,0,0,0,0,0,0,0,0,0,0,0,0
G,Lewis,3.9,3.9,Southampton,0,0,0,0,0,0,0,0,0,0,0,0,0,0,0,0
M,Iroegbunam,4.5,4.5,Aston Villa,1,0.051,0.3666666666666667,0.049,0.7366666666666667,0.10300000000000001,0.4033333333333334,0.051000000000000004,1,0.048,0.4033333333333334,0.051000000000000004,0.4033333333333334,0.052000000000000005,1,0.046
D,Daley-Campbell,4.0,4.0,Leicester,0,0,0,0,0,0,0,0,0,0,0,0,0,0,0,0
F,Young-Coombes,4.5,4.5,Brentford,0,0,0,0,0,0,0,0,0,0,0,0,0,0,0,0
G,Caballero,4.3,4.3,Southampton,0,0,0,0,0,0,0,0,0,0,0,0,0,0,0,0
G,Angelini,4.0,4.0,Watford,0,0,0,0,0,0,0,0,0,0,0.55,0.039999999999999994,0,0,0,0
D,Tomkinson,4.0,4.0,Norwich,0,0,0,0,0,0,1.015,0.048,0,0,0.545,0.025,0.545,0.033,1,0.019
D,Alese,4.0,4.0,West Ham,0,0,1,0.033,1,0.019,1,0.031,0.18,0.002,1,0.032,1,0.031,1,0.035
D,Nelson,4.0,4.0,Leicester,1,0.027,1,0.028,0.5199999999999999,0.059000000000000004,0.2625,0.021,1,0.031,0,0,0,0,0,0
M,Brunt,4.5,4.5,Leicester,0,0,1,0.049,0.2625,0.051,0.265,0.048,1,0.05,0.39333333333333337,0.051000000000000004,0.7866666666666667,0.10600000000000001,2,0.097
M,McAteer,4.5,4.5,Leicester,0,0,0,0,0,0,0,0,0,0,0,0,0,0,0,0
M,Rowe,4.4,4.4,Norwich,0,0,0,0,0,0,0,0,0,0,0,0,0,0,1,0.045
F,Dickson-Peters,4.5,4.5,Norwich,0,0,0,0,0,0,0,0,0,0,0,0,0,0,0,0
G,Marschall,4.0,4.0,Aston Villa,0,0,0,0,0,0,0,0,0,0,0,0,0,0,0,0
D,Egan-Riley,4.0,4.0,Man City,0,0,0,0,0,0,0,0,0,0,0,0,0,0,0,0
M,Oko-Flex,4.4,4.4,West Ham,0,0,2,0.096,2,0.09,2,0.099,0.54,0.01,3,0.15,3,0.143,3,0.152
D,Turns,4.0,4.0,Brighton,0,0,0,0,0,0,0,0,0.1,0,0,0,0.555,0.026000000000000002,1,0.024
M,Leonard,4.5,4.5,Brighton,0,0,0,0,0,0,0,0,0,0,0,0,0,0,0,0
F,Ferguson,4.5,4.5,Brighton,0,0,0,0,0,0,0,0,0,0,0,0,0,0,0,0
G,Pitaluga,4.0,4.0,Liverpool,0,0,0,0,0,0,0,0,0,0,0,0,0.525,0.04,1,0.045
D,Moore,4.0,4.0,Leeds,0,0,0,0,0,0,0,0,0,0,0,0,0,0,0,0
M,Gray,4.5,4.5,Leeds,0,0,0,0,0,0,0,0,0,0,0,0,0,0,0,0
G,Austin,4.0,4.0,Spurs,0,0,0,0,0.40666666666666673,0.054,0.37000000000000005,0.043,0.18,0.008,0.40666666666666673,0.055,0,0,1,0.045
D,Quansah,4.0,4.0,Liverpool,0,0,0,0,0,0,0,0,0,0,0,0,0,0,0,0
M,Jordão,4.5,4.5,Wolves,0,0,0,0,0,0,0,0,0,0,0,0,0,0,0,0
M,Peart-Harris,4.5,4.5,Brentford,0,0,0,0,0,0,0,0,0,0,0,0,0,0,0,0
F,Kayky,5.0,5.0,Man City,1,0.061,0,0,1,0.059,0,0,0,0,0,0,1,0.055,1,0.056
M,Patino,4.5,4.5,Arsenal,0,0,0,0,0,0,0,0,1,0.049,0,0,0.29500000000000004,0.053000000000000005,0,0
D,Simeu,4.0,4.0,Southampton,0,0,0,0,0,0,0,0,0,0,0,0,0,0,0,0
G,McCracken,4.0,4.0,Norwich,0,0,0,0,0,0,0,0,0,0,0,0,0,0,0,0
D,Small,4.0,4.0,Southampton,0,0,0,0,0.055,0.002,0,0,0,0,0.555,0.027999999999999997,0.555,0.025,1,0.026
M,White,4.4,4.4,Spurs,0,0,0,0,0,0,0.03666666666666667,0.002,0,0,0.40666666666666673,0.056,0.40666666666666673,0.053000000000000005,1,0.051
M,Conteh,4.5,4.5,Watford,0,0,0,0,0,0,0,0,0,0,0,0,0,0,0,0
D,Feeney,4.0,4.0,Aston Villa,0,0,0,0,0,0,0,0,0,0,0,0,0,0,0,0
M,Hall,4.5,4.5,Chelsea,0,0,0,0,0,0,0,0,0,0,0,0,0,0,0,0
M,Vale,4.5,4.5,Chelsea,0,0,0,0,0,0,0,0,0,0,0,0,0,0,0,0
G,Lössl,4.5,4.5,Brentford,0,0,0,0,0,0,0,0,0,0,1,0.036,1,0.041,2,0.086
D,Patterson,4.4,4.4,Everton,2,0.054,3,0.058,1.1725,0.10800000000000001,1.1875,0.14600000000000002,1.0499999999999998,0.022,1.3100000000000003,0.123,1.6375,0.16400000000000003,4,0.128
D,Mykolenko,5.0,5.0,Everton,74,2.42,83,1.578,24.784999999999997,2.9000000000000004,25.654999999999998,4.433,26.95,1.093,24.5625,3.056,24.235,3.2430000000000003,77,3.197
D,Kamara,4.5,4.5,Watford,82.5,5.321,44.05,1.7770000000000001,44.15,2.458,42.95,2.338,26.599999999999998,0.989,41.8,1.112,41.25,2.9250000000000003,74,3.136
D,Samir,4.5,4.5,Watford,86.5,4.68,45.65,1.4969999999999999,44,2.12,42.55,1.984,21.7,0.693,23.65,0.594,23.65,1.506,44,1.684
D,Trippier,5.0,5.0,Newcastle,0,0,0,0,0,0,0,0,0,0,17.893333333333334,1.259,29.686666666666667,3.254,75,2.575
M,Kayembe,4.9,4.9,Watford,74,4.568,37.2,2.086,35.75,2.157,36.25,2.195,23.45,0.747,34.65,1.861,34.1,2.285,63,2.156
M,Chauke,4.5,4.5,Southampton,0,0,0,0,0,0,0,0,0,0,0,0,0,0,0,0
M,Coutinho,7.3,7.2,Aston Villa,73,4.743,25.7,3.8009999999999997,28.426666666666666,5.074,27.533333333333335,4.085,70,3.49,27.426666666666666,4.006,26.21666666666667,4.271,67,2.868
D,Ekwah,4.0,4.0,West Ham,0,0,0,0,0,0,0,0,0,0,0,0,0,0,0,0
M,Gibbs,4.5,4.5,Norwich,0,0,0,0,0,0,0,0,0,0,0,0,0,0,0,0
D,Hayden,4.0,4.0,Aston Villa,0,0,0,0,0,0,0,0,1,0.026,0,0,0,0,0,0
D,Toti,4.5,4.5,Wolves,0,0,0,0,0,0,0,0,0,0,0,0,0,0,0,0
D,Sanderson,4.0,4.0,Wolves,0,0,0,0,0,0,0,0,0,0,0,0,0,0,0,0
M,Giles,4.5,4.5,Wolves,0,0,0,0,0,0,0,0,0,0,0,0,0,0,0,0
G,McGill,4.0,4.0,Brighton,0,0,1,0.044,0,0,0,0,0,0,0.555,0.054,0.555,0.043,0,0
M,Chiquinho,5.5,5.5,Wolves,18.5,1.871,7.25,0.6980000000000001,7.55,0.789,6.15,0.607,9,0.507,7.15,0.745,6.6,0.672,12,0.544
D,Kenedy,4.5,4.5,Chelsea,0,0,0,0,0,0,0,0,0,0,0,0,0,0,0,0
G,Olsen,4.0,4.0,Aston Villa,0,0,0,0,0.37000000000000005,0.047,0.3333333333333333,0.038,2,0.078,0.4033333333333334,0.049999999999999996,0.8066666666666668,0.09799999999999999,0,0
M,Hutchinson,4.5,4.5,Arsenal,0,0,0,0,0,0,0,0,0,0,0,0,0,0,0,0
M,Oulad M'hand,4.5,4.5,Arsenal,0,0,0,0,0,0,0,0,0,0,0,0,0,0,0,0
F,Biereth,4.5,4.5,Arsenal,0,0,0,0,0,0,0,0,0,0,0,0,0,0,0,0
D,Alebiosu,4.0,4.0,Arsenal,0,0,0,0,0,0,0,0,0,0,0,0,0,0,0,0
M,Luis Díaz,8.0,8.0,Liverpool,8,1.171,0,0,15,1.022,8.12,0.929,3,0.134,8.4,1.259,8.4,0.8280000000000001,17,1.085
M,Bruno Guimarães,5.0,5.0,Newcastle,55,1.734,56,1.852,23.326666666666668,2.311,24.88333333333333,2.06,21.7,0.689,24.399999999999995,2.156,22.366666666666664,2.203,55,1.866
M,Kalu,5.0,5.0,Watford,0,0,0,0,0,0,0,0,0,0,0,0,0,0,0,0
M,Eriksen,5.5,5.5,Brentford,8,0.362,17,0.858,21,1.008,25,1.26,20,0.931,26,1.025,26,1.191,20,0.963
F,Weghorst,6.5,6.5,Burnley,51.5,4.711,55,8.024000000000001,32.38666666666666,3.884,31.94333333333333,4.276,40,2.121,32.126666666666665,3.537,30.5,4.426,75,3.078
M,Kulusevski,6.0,6.0,Spurs,27,2.42,31,1.527,12.163333333333332,1.8200000000000003,12.35,1.5540000000000003,5.3999999999999995,0.206,10.979999999999999,1.6880000000000002,11.793333333333331,1.59,28,1.421
M,Bentancur,5.0,5.0,Spurs,33,2.412,31,1.229,14.566666666666668,1.665,13.456666666666669,1.3840000000000001,6.66,0.194,15.86,1.811,13.826666666666668,1.476,34,1.345
M,Chrisene,4.5,4.5,Aston Villa,0,0,0,0,0,0,0,0,0,0,0,0,0,0,0,0
F,Delap,4.5,4.5,Man City,0,0,0,0,0,0,0,0,0,0,0,0,0,0,0,0
D,Awe,4.0,4.0,Arsenal,0,0,0,0,0,0,0,0,0,0,0,0,0,0,0,0
M,Mejbri,4.5,4.5,Man Utd,0,0,0,0,0,0,0,0,0,0,0,0,0,0,0,0
M,De Bolle,4.5,4.5,Newcastle,0,0,0,0,0,0,0,0,0,0,0,0,0,0,0,0
M,Charly Musonda Jr.,99.9,99.9,Chelsea,0,0,0,0,0,0,0,0,0,0,0,0,0,0,0,0
F,Billy Arce,99.9,99.9,Brighton,0,0,0,0,0,0,0,0,0,0,0,0,0,0,0,0
M,Tudor Baluta,99.9,99.9,Brighton,0,0,0,0,0,0,0.5,0.036,0,0,0.555,0.042,0.555,0.038,1,0.036
D,Julian Jeanvier,99.9,99.9,Brentford,0,0,0,0,0,0,0,0,0,0,0,0,1,0.044,2,0.089
G,Loris Karius,99.9,99.9,Liverpool,0,0,0,0,0,0,0,0,0,0,0,0,0.525,0.04,0,0
G,Lee Grant,99.9,99.9,Man Utd,0,0,0,0,0,0,0,0,0.2,0.007,1,0.044,0,0,0,0
G,Matija Sarkic,99.9,99.9,Wolves,0,0,0,0,0.05,0.005,0,0,0,0,0,0,0,0,1,0.037
G,David Martin,99.9,99.9,West Ham,0,0,0,0,0,0,0,0,0,0,1,0.044,0,0,0,0
G,David Martin,99.9,99.9,West Ham,0,0,0,0,0,0,0,0,0,0,1,0.044,0,0,0,0